comment_Kyle,comment_checker,initials_extractor,title,doi,url,journal,study_id,exp_id,exp2_id,assay_id,assay2_id,species_english,species_latin,source,sex,pesticide,pesticide_grade,cas_id,cas_id_comment,pesticide_chemical_class,dosage,dosage_unit,duration,duration_unit,control_solvent,temperature,temperature_unit,behaviour_measured,behaviour_measured_standardised,behaviour_assay,behavioural_assay_standardised,data_source,data_file,control_effective_n,control_shoal_n,control_fish_n,control_n,control_mean,control_sd,control_shoal_sd,control_fish_sd,control_se,statistics_comment_control,sample_size_comment_control,treatment_effective_n,treatment_shoal_n,treatment_fish_n,treatment_n,treatment_mean,treatment_sd,treatment_shoal_sd,treatment_fish_sd,treatment_se,statistics_comment_treatment,sample_size_comment_treatment,contact_author,contacted_date,contact_response,contact_comments
does not state number of shoals ,,KM,Glyphosate targets fish monoaminergic systems leading to oxidative stress and anxiety,10.1016/j.envint.2020.106253,https://www.sciencedirect.com/science/article/pii/S0278584618306961?via%3Dihub,Progress in Neuro-Psychopharmacology and Biological Psychiatry,faria_2021,faria_2021_exp_001,faria_2021_exp2_001,faria_2021_exp_001_assay_001,faria_2021_exp_001_assay2_001,zebrafish,Danio rerio,laboratory stock from not specified source,mixed,glyphosate,analytical,1071-83-6,in paper,organophosphate,0.3,ug/L,2,weeks,not reported ,28,celsius,shoaling ,collective behaviour ,average interfish distance,group arrangment ,fig1ca,faria_2021_fig1ca,not reported,not reported,19,19,6.347368421,1.985191964,,,0.455434271,calculated from scatter plot ,counted from the scatter plot,not reported,not reported,21,21,4.598095238,1.772477416,not reported,not reported,0.386786282,calculated from scatter plot,counted from the scatter plot,,,,
does not state number of shoals ,,KM,Glyphosate targets fish monoaminergic systems leading to oxidative stress and anxiety,10.1016/j.envint.2020.106253,https://www.sciencedirect.com/science/article/pii/S0278584618306961?via%3Dihub,Progress in Neuro-Psychopharmacology and Biological Psychiatry,faria_2021,faria_2021_exp_002,faria_2021_exp2_002,faria_2021_exp_002_assay_001,faria_2021_exp_002_assay2_001,zebrafish,Danio rerio,laboratory stock from not specified source,mixed,glyphosate,analytical,1071-83-6,in paper,organophosphate,3,ug/L,2,weeks,not reported ,28,celsius,shoaling ,collective behaviour ,average interfish distance,group arrangment ,fig1ca,faria_2021_fig1ca,not reported,not reported,19,19,6.347368421,1.985191964,,,0.455434271,calculated from scatter plot,counted from the scatter plot,not reported,not reported,19,19,4.185263158,1.154100749,not reported,not reported,0.26476887,calculated from scatter plot,counted from the scatter plot,,,,
does not state number of shoals ,,KM,Glyphosate targets fish monoaminergic systems leading to oxidative stress and anxiety,10.1016/j.envint.2020.106253,https://www.sciencedirect.com/science/article/pii/S0278584618306961?via%3Dihub,Progress in Neuro-Psychopharmacology and Biological Psychiatry,faria_2021,faria_2021_exp_001,faria_2021_exp2_001,faria_2021_exp_001_assay_002,faria_2021_exp_001_assay2_002,zebrafish,Danio rerio,laboratory stock from not specified source,mixed,glyphosate,analytical,1071-83-6,in paper,organophosphate,0.3,ug/L,2,weeks,not reported ,28,celsius,shoaling ,collective behaviour ,farthest distance,group arrangment ,fig1cb,faria_2021_fig1cb,not reported,not reported,20,20,8.915662651,3.09880879,,,0.69291471,calculated from scatter plot,counted from the scatter plot,not reported,not reported,20,20,7.510843373,2.494646382,not reported,not reported,0.557819889,calculated from scatter plot,counted from the scatter plot,,,,
does not state number of shoals ,,KM,Glyphosate targets fish monoaminergic systems leading to oxidative stress and anxiety,10.1016/j.envint.2020.106253,https://www.sciencedirect.com/science/article/pii/S0278584618306961?via%3Dihub,Progress in Neuro-Psychopharmacology and Biological Psychiatry,faria_2021,faria_2021_exp_002,faria_2021_exp2_002,faria_2021_exp_002_assay_002,faria_2021_exp_002_assay2_002,zebrafish,Danio rerio,laboratory stock from not specified source,mixed,glyphosate,analytical,1071-83-6,in paper,organophosphate,3,ug/L,2,weeks,not reported ,28,celsius,shoaling ,collective behaviour ,farthest distance,group arrangment ,fig1cb,faria_2021_fig1cb,not reported,not reported,20,20,8.915662651,3.09880879,,,0.69291471,calculated from scatter plot,counted from the scatter plot,not reported,not reported,19,19,6.381737476,1.788069131,not reported,not reported,0.410211192,calculated from scatter plot,counted from the scatter plot,,,,
sample size for this shoaling measurment is number of fish but does not state number of tanks,,KM,Adult exposure to insecticides causes persistent behavioral and neurochemical alterations in zebrafish,10.1016/j.ntt.2019.106853,https://www.sciencedirect.com/science/article/pii/S0892036219301539?via%3Dihub,Neurotoxicology and Teratology,hawkey_2020,hawkey_2020_exp_001,hawkey_2020_exp2_001,hawkey_2020_exp_001_assay_001,hawkey_2020_exp2_001_assay2_001,zebrafish ,Danio rerio,labratory stock from wild population,mixed,DDT,not reported,50-29-3,https://commonchemistry.cas.org/detail?cas_rn=50-29-3&search=DDT,organochlorine ,10,nm,5,weeks,DMSO,28,celsius,shoaling,collective behaviour ,total distance moved,group movement,fig3b,hawkey_2020_fig3b,not reported,not reported,36,36,2013.653702,535.6481481,,,89.27469136,study reports mean and se,exact sample size provided,not reported,not reported,35,35,1494.963635,687.3399572,not reported,not reported,116.1816578,study reports mean and se,exact sample size provided,,,,
sample size for this shoaling measurment is number of fish but does not state number of tanks,,KM,Adult exposure to insecticides causes persistent behavioral and neurochemical alterations in zebrafish,10.1016/j.ntt.2019.106853,https://www.sciencedirect.com/science/article/pii/S0892036219301539?via%3Dihub,Neurotoxicology and Teratology,hawkey_2020,hawkey_2020_exp_002,hawkey_2020_exp2_002,hawkey_2020_exp_002_assay_001,hawkey_2020_exp2_002_assay2_001,zebrafish ,Danio rerio,labratory stock from wild population,mixed,DDT,not reported,50-29-3,https://commonchemistry.cas.org/detail?cas_rn=50-29-3&search=DDT,organochlorine ,30,nm,5,weeks,DMSO,28,celsius,shoaling ,collective behaviour ,total distance moved,group movement,fig3b,hawkey_2020_fig3b,not reported,not reported,36,36,2013.653702,535.6481481,,,89.27469136,study reports mean and se,exact sample size provided,not reported,not reported,35,35,1741.41326,571.8485849,not reported,not reported,96.66005291,study reports mean and se,exact sample size provided,,,,
sample size for this shoaling measurment is number of fish but does not state number of tanks,,KM,Adult exposure to insecticides causes persistent behavioral and neurochemical alterations in zebrafish,10.1016/j.ntt.2019.106853,https://www.sciencedirect.com/science/article/pii/S0892036219301539?via%3Dihub,Neurotoxicology and Teratology,hawkey_2020,hawkey_2020_exp_003,hawkey_2020_exp2_003,hawkey_2020_exp_003_assay_001,hawkey_2020_exp2_003_assay2_001,zebrafish ,Danio rerio,labratory stock from wild population,mixed,chlorpyrifos,not reported,2921-88-2,https://commonchemistry.cas.org/detail?cas_rn=2921-88-2&search=chlorpyrifos,organophosphate,0.3,um,2,weeks,DMSO,28,celsius,shoaling ,collective behaviour ,change in position ,group movement,fig5b,hawkey_2020_fig5b,not reported,not reported,22,22,1.681254992,4.622693179,,,0.985561497,study reports mean and se,exact sample size provided,not reported,not reported,18,18,3.498849282,3.87528548,not reported,not reported,0.913413547,study reports mean and se,exact sample size provided,,,,
sample size for this shoaling measurment is number of fish but does not state number of tanks,,KM,Adult exposure to insecticides causes persistent behavioral and neurochemical alterations in zebrafish,10.1016/j.ntt.2019.106853,https://www.sciencedirect.com/science/article/pii/S0892036219301539?via%3Dihub,Neurotoxicology and Teratology,hawkey_2020,hawkey_2020_exp_004,hawkey_2020_exp2_004,hawkey_2020_exp_004_assay_001,hawkey_2020_exp2_004_assay2_001,zebrafish ,Danio rerio,labratory stock from wild population,mixed,chlorpyrifos,not reported,2921-88-2,https://commonchemistry.cas.org/detail?cas_rn=2921-88-2&search=chlorpyrifos,organophosphate,1,um,2,weeks,DMSO,28,celsius,shoaling ,collective behaviour ,change in position ,group movement,fig5b,hawkey_2020_fig5b,not reported,not reported,22,22,1.681254992,4.622693179,,,0.985561497,study reports mean and se,exact sample size provided,not reported,not reported,22,22,5.187444432,4.514838699,not reported,not reported,0.962566845,study reports mean and se,exact sample size provided,,,,
sample size for this shoaling measurment is number of fish but does not state number of tanks,,KM,Adult exposure to insecticides causes persistent behavioral and neurochemical alterations in zebrafish,10.1016/j.ntt.2019.106853,https://www.sciencedirect.com/science/article/pii/S0892036219301539?via%3Dihub,Neurotoxicology and Teratology,hawkey_2020,hawkey_2020_exp_005,hawkey_2020_exp2_005,hawkey_2020_exp_005_assay_001,hawkey_2020_exp2_005_assay2_001,zebrafish ,Danio rerio,labratory stock from wild population,mixed,chlorpyrifos,not reported,2921-88-2,https://commonchemistry.cas.org/detail?cas_rn=2921-88-2&search=chlorpyrifos,organophosphate,3,um,2,weeks,DMSO,28,celsius,shoaling ,collective behaviour ,change in position ,group movement,fig5b,hawkey_2020_fig5b,not reported,not reported,22,22,1.681254992,4.622693179,,,0.985561497,study reports mean and se,exact sample size provided,not reported,not reported,20,20,7.228009135,6.208974852,not reported,not reported,1.388368984,study reports mean and se,exact sample size provided,,,,
sample size for this shoaling measurment is number of fish but does not state number of tanks,,KM,Neurobehavioral anomalies in zebrafish after sequential exposures to DDT and chlorpyrifos in adulthood: Do multiple exposures interact?,10.1016/j.ntt.2021.106985,https://www.sciencedirect.com/science/article/pii/S0892036221000398,Neurotoxicology and Teratology,hawkey_2021,hawkey_2021_exp_001,hawkey_2021_exp2_001,hawkey_2021_exp_001_assay_001,hawkey_2021_exp2_001_assay2_001,zebrafish ,Danio rerio,labratory stock from wild population,mixed,chlorpyrifos,not reported ,2921-88-2,https://commonchemistry.cas.org/detail?cas_rn=2921-88-2&search=chlorpyrifos,organophosphate,NA,NA,5,weeks,DMSO,28,celsius,shoaling,collective behaviour ,distance,group movement,fig3a,hawkey_2021_fig3a,not reported,not reported,46,46,184.4213398,76.03453163,,,12.5,study reports mean and se,exact sample size provided,not reported,not reported,47,47,167.6488638,61.75907611,not reported,not reported,10.43918919,study reports mean and se,exact sample size provided,,,,
sample size for this shoaling measurment is number of fish but does not state number of tanks,,KM,Neurobehavioral anomalies in zebrafish after sequential exposures to DDT and chlorpyrifos in adulthood: Do multiple exposures interact?,10.1016/j.ntt.2021.106985,https://www.sciencedirect.com/science/article/pii/S0892036221000398,Neurotoxicology and Teratology,hawkey_2021,hawkey_2021_exp_002,hawkey_2021_exp2_002,hawkey_2021_exp_002_assay_001,hawkey_2021_exp2_002_assay2_001,zebrafish ,Danio rerio,labratory stock from wild population,mixed,DDT,not reported ,50-29-3,https://commonchemistry.cas.org/detail?cas_rn=50-29-3&search=DDT; https://commonchemistry.cas.org/detail?cas_rn=2921-88-2&search=chlorpyrifos,organochlorine ,NA,NA,5,weeks,DMSO,28,celsius,shoaling,collective behaviour ,distance,group movement,fig3a,hawkey_2021_fig3a,not reported,not reported,46,46,184.4213398,76.03453163,,,12.5,study reports mean and se,exact sample size provided,not reported,not reported,42,42,191.4803442,87.21899232,not reported,not reported,13.96621622,study reports mean and se,exact sample size provided,,,,
sample size for this shoaling measurment is number of fish but does not state number of tanks,,KM,Neurobehavioral anomalies in zebrafish after sequential exposures to DDT and chlorpyrifos in adulthood: Do multiple exposures interact?,10.1016/j.ntt.2021.106985,https://www.sciencedirect.com/science/article/pii/S0892036221000398,Neurotoxicology and Teratology,hawkey_2021,hawkey_2021_exp_003,hawkey_2021_exp2_003,hawkey_2021_exp_003_assay_001,hawkey_2021_exp2_003_assay2_001,zebrafish ,Danio rerio,labratory stock from wild population,mixed,chlorpyrifos ; DDT ,not reported ,2921-88-2 ; 50-29-3,https://commonchemistry.cas.org/detail?cas_rn=2921-88-2&search=chlorpyrifos,organophosphate and organochlorine,NA,NA,5,weeks,DMSO,28,celsius,shoaling,collective behaviour ,distance,group movement,fig3a,hawkey_2021_fig3a,not reported,not reported,46,46,184.4213398,76.03453163,,,12.5,study reports mean and se,exact sample size provided,not reported,not reported,32,32,226.6114671,68.58363121,not reported,not reported,14.30067568,study reports mean and se,exact sample size provided,,,,
sample size for this shoaling measurment is number of fish but does not state number of tanks,,KM,Neurobehavioral anomalies in zebrafish after sequential exposures to DDT and chlorpyrifos in adulthood: Do multiple exposures interact?,10.1016/j.ntt.2021.106985,https://www.sciencedirect.com/science/article/pii/S0892036221000398,Neurotoxicology and Teratology,hawkey_2021,hawkey_2021_exp_001,hawkey_2021_exp2_004,hawkey_2021_exp_001_assay_002,hawkey_2021_exp2_004_assay2_001,zebrafish ,Danio rerio,labratory stock from wild population,mixed,chlorpyrifos,not reported ,2921-88-2,https://commonchemistry.cas.org/detail?cas_rn=2921-88-2&search=chlorpyrifos,organophosphate,NA,NA,5,weeks,DMSO,28,celsius,shoaling,collective behaviour ,change in position ,group movement,fig3b,hawkey_2021_fig3b,not reported,not reported,46,46,4.169755824,6.380816048,,,0.9408,study reports mean and se,exact sample size provided,not reported,not reported,47,47,6.443355824,7.755116484,not reported,not reported,1.1312,study reports mean and se,exact sample size provided,,,,
sample size for this shoaling measurment is number of fish but does not state number of tanks,,KM,Neurobehavioral anomalies in zebrafish after sequential exposures to DDT and chlorpyrifos in adulthood: Do multiple exposures interact?,10.1016/j.ntt.2021.106985,https://www.sciencedirect.com/science/article/pii/S0892036221000398,Neurotoxicology and Teratology,hawkey_2021,hawkey_2021_exp_002,hawkey_2021_exp2_005,hawkey_2021_exp_002_assay_002,hawkey_2021_exp2_005_assay2_001,zebrafish ,Danio rerio,labratory stock from wild population,mixed,DDT,not reported ,50-29-3,https://commonchemistry.cas.org/detail?cas_rn=50-29-3&search=DDT,organochlorine ,NA,NA,5,weeks,DMSO,28,celsius,shoaling,collective behaviour ,change in position ,group movement,fig3b,hawkey_2021_fig3b,not reported,not reported,46,46,4.169755824,6.380816048,,,0.9408,study reports mean and se,exact sample size provided,not reported,not reported,42,42,6.779355824,8.056856836,not reported,not reported,1.2432,study reports mean and se,exact sample size provided,,,,
sample size for this shoaling measurment is number of fish but does not state number of tanks,,KM,Neurobehavioral anomalies in zebrafish after sequential exposures to DDT and chlorpyrifos in adulthood: Do multiple exposures interact?,10.1016/j.ntt.2021.106985,https://www.sciencedirect.com/science/article/pii/S0892036221000398,Neurotoxicology and Teratology,hawkey_2021,hawkey_2021_exp_003,hawkey_2021_exp2_006,hawkey_2021_exp_003_assay_002,hawkey_2021_exp2_006_assay2_001,zebrafish ,Danio rerio,labratory stock from wild population,mixed,chlorpyrifos ; DDT,not reported ,2921-88-2 ; 50-29-3,https://commonchemistry.cas.org/detail?cas_rn=50-29-3&search=DDT; https://commonchemistry.cas.org/detail?cas_rn=2921-88-2&search=chlorpyrifos,organophosphate and organochlorine,NA,NA,5,weeks,DMSO,28,celsius,shoaling,collective behaviour ,change in position ,group movement,fig3b,hawkey_2021_fig3b,not reported,not reported,46,46,4.169755824,6.380816048,,,0.9408,study reports mean and se,exact sample size provided,not reported,not reported,32,32,2.344155824,9.123374534,not reported,not reported,1.6128,study reports mean and se,exact sample size provided,,,,
sample size for this shoaling measurment is number of fish but does not state number of tanks,,KM,Neurobehavioral anomalies in zebrafish after sequential exposures to DDT and chlorpyrifos in adulthood: Do multiple exposures interact?,10.1016/j.ntt.2021.106985,https://www.sciencedirect.com/science/article/pii/S0892036221000398,Neurotoxicology and Teratology,hawkey_2021,hawkey_2021_exp_004,hawkey_2021_exp2_007,hawkey_2021_exp_004_assay_001,hawkey_2021_exp2_007_assay2_001,zebrafish ,Danio rerio,labratory stock from wild population,mixed,chlorpyrifos,not reported ,2921-88-2,https://commonchemistry.cas.org/detail?cas_rn=2921-88-2&search=chlorpyrifos,organophosphate,NA,NA,5,weeks,DMSO,28,celsius,shoaling,collective behaviour ,change in position ,group movement,fig3b,hawkey_2021_fig3b,not reported,not reported,37,37,5.142963907,8.220650801,,,1.351466667,study reports mean and se,exact sample size provided,not reported,not reported,35,35,7.379319462,7.709835173,not reported,not reported,1.3032,study reports mean and se,exact sample size provided,,,,
sample size for this shoaling measurment is number of fish but does not state number of tanks,,KM,Neurobehavioral anomalies in zebrafish after sequential exposures to DDT and chlorpyrifos in adulthood: Do multiple exposures interact?,10.1016/j.ntt.2021.106985,https://www.sciencedirect.com/science/article/pii/S0892036221000398,Neurotoxicology and Teratology,hawkey_2021,hawkey_2021_exp_005,hawkey_2021_exp2_008,hawkey_2021_exp_005_assay_001,hawkey_2021_exp2_008_assay2_001,zebrafish ,Danio rerio,labratory stock from wild population,mixed,DDT,not reported ,50-29-3,https://commonchemistry.cas.org/detail?cas_rn=50-29-3&search=DDT,organochlorine ,NA,NA,5,weeks,DMSO,28,celsius,shoaling,collective behaviour ,change in position ,group movement,fig3b,hawkey_2021_fig3b,not reported,not reported,37,37,5.142963907,8.220650801,,,1.351466667,study reports mean and se,exact sample size provided,not reported,not reported,39,39,0.943763907,10.54988329,not reported,not reported,1.689333333,study reports mean and se,exact sample size provided,,,,
sample size for this shoaling measurment is number of fish but does not state number of tanks,,KM,Neurobehavioral anomalies in zebrafish after sequential exposures to DDT and chlorpyrifos in adulthood: Do multiple exposures interact?,10.1016/j.ntt.2021.106985,https://www.sciencedirect.com/science/article/pii/S0892036221000398,Neurotoxicology and Teratology,hawkey_2021,hawkey_2021_exp_006,hawkey_2021_exp2_009,hawkey_2021_exp_006_assay_001,hawkey_2021_exp2_009_assay2_001,zebrafish ,Danio rerio,labratory stock from wild population,mixed,chlorpyrifos ; DDT,not reported ,2921-88-2 ; 50-29-3,https://commonchemistry.cas.org/detail?cas_rn=50-29-3&search=DDT; https://commonchemistry.cas.org/detail?cas_rn=2921-88-2&search=chlorpyrifos,organophosphate and organochlorine,NA,NA,5,weeks,DMSO,28,celsius,shoaling,collective behaviour ,change in position ,group movement,fig3b,hawkey_2021_fig3b,not reported,not reported,37,37,5.142963907,8.220650801,,,1.351466667,study reports mean and se,exact sample size provided,not reported,not reported,23,23,2.19869724,6.172768041,not reported,not reported,1.287111111,study reports mean and se,exact sample size provided,,,,
,,KM,Waterborne Exposure of Paclobutrazol at Environmental Relevant Concentration Induce Locomotion Hyperactivity in Larvae and Anxiolytic Exploratory Behavior in Adult Zebrafish,10.3390/ijerph17134632 ,https://www.mdpi.com/1660-4601/17/13/4635,Environmental Research and Public Health,hussian_2020,hussian_2020_exp_001,hussian_2020_exp2_003,hussian_2020_exp_001_assay_007,hussian_2020_exp2_003_assay2_004,zebrafish ,Danio rerio,laboratory stock from not specified source,mixed,paclobutrazol,not reported ,76738-62-0,https://commonchemistry.cas.org/detail?cas_rn=76738-62-0&search=paclobutrazol,triazole,100,ug/L,14,days,not reported ,26.5,celsius,shoaling,collective behaviour ,average speed ,group movement ,fig9a,hussian_2020_fig9a,15,10,30,30,4.297142973,5.114495405,2.952855297,5.114495405,0.933774834,study reports mean and se,exact sample size provided,15,10,30,30,2.798206186,4.690826565,2.70824998,4.690826565,0.856423841,study reports mean and se ,exact sample size provided,,,,
,,KM,Waterborne Exposure of Paclobutrazol at Environmental Relevant Concentration Induce Locomotion Hyperactivity in Larvae and Anxiolytic Exploratory Behavior in Adult Zebrafish,10.3390/ijerph17134632 ,https://www.mdpi.com/1660-4601/17/13/4635,Environmental Research and Public Health,hussian_2020,hussian_2020_exp_002,hussian_2020_exp2_004,hussian_2020_exp_002_assay_007,hussian_2020_exp2_004_assay2_004,zebrafish ,Danio rerio,laboratory stock from not specified source,mixed,paclobutrazol,not reported ,76738-62-0,https://commonchemistry.cas.org/detail?cas_rn=76738-62-0&search=paclobutrazol,triazole,1000,ug/L,14,days,not reported ,26.5,celsius,shoaling,collective behaviour ,average speed ,group movement ,fig9a,hussian_2020_fig9a,15,10,30,30,4.297142973,5.114495405,2.952855297,5.114495405,0.933774834,study reports mean and se,exact sample size provided,15,10,30,30,2.871229556,2.490868081,1.438103357,2.490868081,0.454768212,study reports mean and se ,exact sample size provided,,,,
,,KM,Waterborne Exposure of Paclobutrazol at Environmental Relevant Concentration Induce Locomotion Hyperactivity in Larvae and Anxiolytic Exploratory Behavior in Adult Zebrafish,10.3390/ijerph17134632 ,https://www.mdpi.com/1660-4601/17/13/4635,Environmental Research and Public Health,hussian_2020,hussian_2020_exp_001,hussian_2020_exp2_005,hussian_2020_exp_001_assay_008,hussian_2020_exp2_005_assay2_001,zebrafish ,Danio rerio,laboratory stock from not specified source,mixed,paclobutrazol,not reported ,76738-62-0,https://commonchemistry.cas.org/detail?cas_rn=76738-62-0&search=paclobutrazol,triazole,100,ug/L,14,days,not reported ,26.5,celsius,shoaling,collective behaviour ,time in top ,group movement ,fig9b,hussian_2020_fig9b,15,10,30,30,33.55949144,62.17238713,35.89524444,62.17238713,11.35107296,study reports mean and se,exact sample size provided,15,10,30,30,7.065231879,93.02820811,53.70986101,93.02820811,16.98454936,study reports mean and se ,exact sample size provided,,,,
,,KM,Waterborne Exposure of Paclobutrazol at Environmental Relevant Concentration Induce Locomotion Hyperactivity in Larvae and Anxiolytic Exploratory Behavior in Adult Zebrafish,10.3390/ijerph17134632 ,https://www.mdpi.com/1660-4601/17/13/4635,Environmental Research and Public Health,hussian_2020,hussian_2020_exp_002,hussian_2020_exp2_006,hussian_2020_exp_002_assay_008,hussian_2020_exp2_006_assay2_001,zebrafish ,Danio rerio,laboratory stock from not specified source,mixed,paclobutrazol,not reported ,76738-62-0,https://commonchemistry.cas.org/detail?cas_rn=76738-62-0&search=paclobutrazol,triazole,1000,ug/L,14,days,not reported ,26.5,celsius,shoaling,collective behaviour ,time in top ,group movement ,fig9b,hussian_2020_fig9b,15,10,30,30,33.55949144,62.17238713,35.89524444,62.17238713,11.35107296,study reports mean and se,exact sample size provided,15,10,30,30,26.26000435,91.17112305,52.63767243,91.17112305,16.64549356,study reports mean and se ,exact sample size provided,,,,
,,KM,Waterborne Exposure of Paclobutrazol at Environmental Relevant Concentration Induce Locomotion Hyperactivity in Larvae and Anxiolytic Exploratory Behavior in Adult Zebrafish,10.3390/ijerph17134632 ,https://www.mdpi.com/1660-4601/17/13/4635,Environmental Research and Public Health,hussian_2020,hussian_2020_exp_001,hussian_2020_exp2_005,hussian_2020_exp_001_assay_009,hussian_2020_exp2_005_assay2_002,zebrafish ,Danio rerio,laboratory stock from not specified source,mixed,paclobutrazol,not reported ,76738-62-0,https://commonchemistry.cas.org/detail?cas_rn=76738-62-0&search=paclobutrazol,triazole,100,ug/L,14,days,not reported ,26.5,celsius,shoaling,collective behaviour ,distance between individuals,group arrangment ,fig9c,hussian_2020_fig9c,15,10,30,30,4.824534199,4.518711099,2.60887907,4.518711099,0.825,study reports mean and se,exact sample size provided,15,10,30,30,4.92358061,3.597672378,2.077117115,3.597672378,0.656842105,study reports mean and se ,exact sample size provided,,,,
,,KM,Waterborne Exposure of Paclobutrazol at Environmental Relevant Concentration Induce Locomotion Hyperactivity in Larvae and Anxiolytic Exploratory Behavior in Adult Zebrafish,10.3390/ijerph17134632 ,https://www.mdpi.com/1660-4601/17/13/4635,Environmental Research and Public Health,hussian_2020,hussian_2020_exp_002,hussian_2020_exp2_006,hussian_2020_exp_002_assay_009,hussian_2020_exp2_006_assay2_002,zebrafish ,Danio rerio,laboratory stock from not specified source,mixed,paclobutrazol,not reported ,76738-62-0,https://commonchemistry.cas.org/detail?cas_rn=76738-62-0&search=paclobutrazol,triazole,1000,ug/L,14,days,not reported ,26.5,celsius,shoaling,collective behaviour ,distance between individuals,group arrangment ,fig9c,hussian_2020_fig9c,15,10,30,30,4.824534199,4.518711099,2.60887907,4.518711099,0.825,study reports mean and se,exact sample size provided,15,10,30,30,4.659448291,5.174536793,2.98752021,5.174536793,0.944736842,study reports mean and se ,exact sample size provided,,,,
,,KM,Waterborne Exposure of Paclobutrazol at Environmental Relevant Concentration Induce Locomotion Hyperactivity in Larvae and Anxiolytic Exploratory Behavior in Adult Zebrafish,10.3390/ijerph17134632 ,https://www.mdpi.com/1660-4601/17/13/4635,Environmental Research and Public Health,hussian_2020,hussian_2020_exp_001,hussian_2020_exp2_005,hussian_2020_exp_001_assay_010,hussian_2020_exp2_005_assay2_003,zebrafish ,Danio rerio,laboratory stock from not specified source,mixed,paclobutrazol,not reported ,76738-62-0,https://commonchemistry.cas.org/detail?cas_rn=76738-62-0&search=paclobutrazol,triazole,100,ug/L,14,days,not reported ,26.5,celsius,shoaling,collective behaviour ,average shoal area,group arrangment ,fig9d,hussian_2020_fig9d,15,10,30,30,4.135462423,4.561338203,2.63348984,4.561338203,0.832782609,study reports mean and se,exact sample size provided,15,10,30,30,4.520607949,1.153789474,0.666140664,1.153789474,0.210652174,study reports mean and se ,exact sample size provided,,,,
,,KM,Waterborne Exposure of Paclobutrazol at Environmental Relevant Concentration Induce Locomotion Hyperactivity in Larvae and Anxiolytic Exploratory Behavior in Adult Zebrafish,10.3390/ijerph17134632 ,https://www.mdpi.com/1660-4601/17/13/4635,Environmental Research and Public Health,hussian_2020,hussian_2020_exp_002,hussian_2020_exp2_006,hussian_2020_exp_002_assay_010,hussian_2020_exp2_006_assay2_003,zebrafish ,Danio rerio,laboratory stock from not specified source,mixed,paclobutrazol,not reported ,76738-62-0,https://commonchemistry.cas.org/detail?cas_rn=76738-62-0&search=paclobutrazol,triazole,1000,ug/L,14,days,not reported ,26.5,celsius,shoaling,collective behaviour ,average shoal area,group arrangment ,fig9d,hussian_2020_fig9d,15,10,30,30,4.135462423,4.561338203,2.63348984,4.561338203,0.832782609,study reports mean and se,exact sample size provided,15,10,30,30,4.694709997,1.708656239,0.98649314,1.708656239,0.311956522,study reports mean and se ,exact sample size provided,,,,
,,KM,Waterborne Exposure of Paclobutrazol at Environmental Relevant Concentration Induce Locomotion Hyperactivity in Larvae and Anxiolytic Exploratory Behavior in Adult Zebrafish,10.3390/ijerph17134632 ,https://www.mdpi.com/1660-4601/17/13/4635,Environmental Research and Public Health,hussian_2020,hussian_2020_exp_001,hussian_2020_exp2_005,hussian_2020_exp_001_assay_011,hussian_2020_exp2_005_assay2_004,zebrafish ,Danio rerio,laboratory stock from not specified source,mixed,paclobutrazol,not reported ,76738-62-0,https://commonchemistry.cas.org/detail?cas_rn=76738-62-0&search=paclobutrazol,triazole,100,ug/L,14,days,not reported ,26.5,celsius,shoaling,collective behaviour ,average nearest neighbor distance,group arrangment ,fig9e,hussian_2020_fig9e,15,10,30,30,3.006780196,4.063105517,2.345835065,4.063105517,0.741818182,study reports mean and se,exact sample size provided,15,10,30,30,3.210303504,2.772282313,1.600577939,2.772282313,0.506147186,study reports mean and se ,exact sample size provided,,,,
,,KM,Waterborne Exposure of Paclobutrazol at Environmental Relevant Concentration Induce Locomotion Hyperactivity in Larvae and Anxiolytic Exploratory Behavior in Adult Zebrafish,10.3390/ijerph17134632 ,https://www.mdpi.com/1660-4601/17/13/4635,Environmental Research and Public Health,hussian_2020,hussian_2020_exp_002,hussian_2020_exp2_006,hussian_2020_exp_002_assay_011,hussian_2020_exp2_006_assay2_004,zebrafish ,Danio rerio,laboratory stock from not specified source,mixed,paclobutrazol,not reported ,76738-62-0,https://commonchemistry.cas.org/detail?cas_rn=76738-62-0&search=paclobutrazol,triazole,1000,ug/L,14,days,not reported ,26.5,celsius,shoaling,collective behaviour ,average nearest neighbor distance,group arrangment ,fig9e,hussian_2020_fig9e,15,10,30,30,3.006780196,4.063105517,2.345835065,4.063105517,0.741818182,study reports mean and se,exact sample size provided,15,10,30,30,3.00505371,4.068796141,2.349120548,4.068796141,0.742857143,study reports mean and se ,exact sample size provided,,,,
,,KM,Waterborne Exposure of Paclobutrazol at Environmental Relevant Concentration Induce Locomotion Hyperactivity in Larvae and Anxiolytic Exploratory Behavior in Adult Zebrafish,10.3390/ijerph17134632 ,https://www.mdpi.com/1660-4601/17/13/4635,Environmental Research and Public Health,hussian_2020,hussian_2020_exp_001,hussian_2020_exp2_005,hussian_2020_exp_001_assay_012,hussian_2020_exp2_005_assay2_005,zebrafish ,Danio rerio,laboratory stock from not specified source,mixed,paclobutrazol,not reported ,76738-62-0,https://commonchemistry.cas.org/detail?cas_rn=76738-62-0&search=paclobutrazol,triazole,100,ug/L,14,days,not reported ,26.5,celsius,shoaling,collective behaviour ,average farthest neighbor distance,group arrangment ,fig9f,hussian_2020_fig9f,15,10,30,30,5.047787824,6.273273288,3.621876021,6.273273288,1.145337763,study reports mean and se,exact sample size provided,15,10,30,30,3.869802998,3.155318654,1.821724073,3.155318654,0.576079734,study reports mean and se ,exact sample size provided,,,,
,,KM,Waterborne Exposure of Paclobutrazol at Environmental Relevant Concentration Induce Locomotion Hyperactivity in Larvae and Anxiolytic Exploratory Behavior in Adult Zebrafish,10.3390/ijerph17134632 ,https://www.mdpi.com/1660-4601/17/13/4635,Environmental Research and Public Health,hussian_2020,hussian_2020_exp_002,hussian_2020_exp2_006,hussian_2020_exp_002_assay_012,hussian_2020_exp2_006_assay2_005,zebrafish ,Danio rerio,laboratory stock from not specified source,mixed,paclobutrazol,not reported ,76738-62-0,https://commonchemistry.cas.org/detail?cas_rn=76738-62-0&search=paclobutrazol,triazole,1000,ug/L,14,days,not reported ,26.5,celsius,shoaling,collective behaviour ,average farthest neighbor distance,group arrangment ,fig9f,hussian_2020_fig9f,15,10,30,30,5.047787824,6.273273288,3.621876021,6.273273288,1.145337763,study reports mean and se,exact sample size provided,15,10,30,30,4.638509769,6.076990874,3.508552317,6.076990874,1.109501661,study reports mean and se ,exact sample size provided,,,,
unclear on number of shoals but seems to be one,,KM,Alterations in social behavior of Japanese medaka (Oryzias latipes) in response to sublethal chlorpyrifos exposure,10.1016/j.chemosphere.2013.02.042,https://www.sciencedirect.com/science/article/pii/S0045653513003500?via%3Dihub,Chemosphere,khalil_2013,khalil_2013_exp_001,khalil_2013_exp2_001,khalil_2013_exp_001_assay_001,khalil_2013_exp2_001_assay2_001,Japanese medaka,Oryzias latipes,laboratory stock from not specified source,not reported ,chlorpyrifos,analytical,2921-88-2,https://commonchemistry.cas.org/detail?cas_rn=2921-88-2&search=chlorpyrifos,organophosphate,0.012,mg/L,4,days,DTNB,25,celsius,schooling,collective behaviour ,swimming speed,group movement ,fig3a,khalil_2013_fig3a,1.714285714,1,6,6,1.384735636,0.634615385,0.259080646,0.634615385,0.259080646,study reports mean and sd,states six fish were placed in recording glass aquarium for social behaviour (section 2.4. Subacute testing),1.714285714,1,6,6,1.292427943,0.484615385,0.197843402,0.484615384,0.197843402,study reports mean and sd,states six fish were placed in recording glass aquarium for social behaviour (section 2.4. Subacute testing),,,,
,,KM,Alterations in social behavior of Japanese medaka (Oryzias latipes) in response to sublethal chlorpyrifos exposure,10.1016/j.chemosphere.2013.02.042,https://www.sciencedirect.com/science/article/pii/S0045653513003500?via%3Dihub,Chemosphere,khalil_2013,khalil_2013_exp_001,khalil_2013_exp2_002,khalil_2013_exp_001_assay_002,khalil_2013_exp2_002_assay2_001,Japanese medaka,Oryzias latipes,laboratory stock from not specified source,not reported ,chlorpyrifos,analytical,2921-88-2,https://commonchemistry.cas.org/detail?cas_rn=2921-88-2&search=chlorpyrifos,organophosphate,0.012,mg/L,8,days,DTNB,25,celsius,schooling,collective behaviour ,swimming speed,group movement ,fig3a,khalil_2013_fig3a,1.714285714,1,6,6,0.727043328,0.138461538,0.056526686,0.138461538,0.056526686,study reports mean and sd,states six fish were placed in recording glass aquarium for social behaviour (section 2.4. Subacute testing),1.714285714,1,6,6,1.442427943,0.496153846,0.202553959,0.496153845,0.202553959,study reports mean and sd,states six fish were placed in recording glass aquarium for social behaviour (section 2.4. Subacute testing),,,,
,,KM,Alterations in social behavior of Japanese medaka (Oryzias latipes) in response to sublethal chlorpyrifos exposure,10.1016/j.chemosphere.2013.02.042,https://www.sciencedirect.com/science/article/pii/S0045653513003500?via%3Dihub,Chemosphere,khalil_2013,khalil_2013_exp_001,khalil_2013_exp2_001,khalil_2013_exp_001_assay_003,khalil_2013_exp2_001_assay2_002,Japanese medaka,Oryzias latipes,laboratory stock from not specified source,not reported ,chlorpyrifos,analytical,2921-88-2,https://commonchemistry.cas.org/detail?cas_rn=2921-88-2&search=chlorpyrifos,organophosphate,0.012,mg/L,4,days,DTNB,25,celsius,schooling,collective behaviour ,duration ,duration of group behaviour,fig3c,khalil_2013_fig3c,1.714285714,1,6,6,8.592978583,4.740740741,1.935399303,4.740740741,1.935399303,study reports mean and sd,states six fish were placed in recording glass aquarium for social behaviour (section 2.4. Subacute testing),1.714285714,1,6,6,6.852237843,2.592592593,1.058421494,2.592592593,1.058421494,study reports mean and sd,states six fish were placed in recording glass aquarium for social behaviour (section 2.4. Subacute testing),,,,
,,KM,Alterations in social behavior of Japanese medaka (Oryzias latipes) in response to sublethal chlorpyrifos exposure,10.1016/j.chemosphere.2013.02.042,https://www.sciencedirect.com/science/article/pii/S0045653513003500?via%3Dihub,Chemosphere,khalil_2013,khalil_2013_exp_001,khalil_2013_exp2_002,khalil_2013_exp_001_assay_004,khalil_2013_exp2_002_assay2_002,Japanese medaka,Oryzias latipes,laboratory stock from not specified source,not reported ,chlorpyrifos,analytical,2921-88-2,https://commonchemistry.cas.org/detail?cas_rn=2921-88-2&search=chlorpyrifos,organophosphate,0.012,mg/L,8,days,DTNB,25,celsius,schooling,collective behaviour ,duration,duration of group behaviour,fig3c,khalil_2013_fig3c,1.714285714,1,6,6,5.296682287,3.925925926,1.602752548,3.925925927,1.602752548,study reports mean and sd,states six fish were placed in recording glass aquarium for social behaviour (section 2.4. Subacute testing),1.714285714,1,6,6,2.704089695,1.148148148,0.468729519,1.148148149,0.468729519,study reports mean and sd,states six fish were placed in recording glass aquarium for social behaviour (section 2.4. Subacute testing),,,,
,,KM,Alterations in social behavior of Japanese medaka (Oryzias latipes) in response to sublethal chlorpyrifos exposure,10.1016/j.chemosphere.2013.02.042,https://www.sciencedirect.com/science/article/pii/S0045653513003500?via%3Dihub,Chemosphere,khalil_2013,khalil_2013_exp_001,khalil_2013_exp2_001,khalil_2013_exp_001_assay_005,khalil_2013_exp2_001_assay2_003,Japanese medaka,Oryzias latipes,laboratory stock from not specified source,not reported ,chlorpyrifos,analytical,2921-88-2,https://commonchemistry.cas.org/detail?cas_rn=2921-88-2&search=chlorpyrifos,organophosphate,0.012,mg/L,4,days,DTNB,25,celsius,schooling,collective behaviour ,frequency,frequency of group behaviour,fig3d,khalil_2013_fig3d,1.714285714,1,6,6,42.39508035,57.97101449,23.66656756,57.97101449,23.66656756,study reports mean and sd,states six fish were placed in recording glass aquarium for social behaviour (section 2.4. Subacute testing),1.714285714,1,6,6,81.52551513,43.47826087,17.74992567,43.47826086,17.74992567,study reports mean and sd,states six fish were placed in recording glass aquarium for social behaviour (section 2.4. Subacute testing),,,,
,,KM,Alterations in social behavior of Japanese medaka (Oryzias latipes) in response to sublethal chlorpyrifos exposure,10.1016/j.chemosphere.2013.02.042,https://www.sciencedirect.com/science/article/pii/S0045653513003500?via%3Dihub,Chemosphere,khalil_2013,khalil_2013_exp_001,khalil_2013_exp2_002,khalil_2013_exp_001_assay_006,khalil_2013_exp2_002_assay2_003,Japanese medaka,Oryzias latipes,laboratory stock from not specified source,not reported ,chlorpyrifos,analytical,2921-88-2,https://commonchemistry.cas.org/detail?cas_rn=2921-88-2&search=chlorpyrifos,organophosphate,0.012,mg/L,8,days,DTNB,25,celsius,schooling,collective behaviour ,frequency,frequency of group behaviour,fig3d,khalil_2013_fig3d,1.714285714,1,6,6,31.16319629,8.333333333,3.402069087,8.333333333,3.402069087,study reports mean and sd,states six fish were placed in recording glass aquarium for social behaviour (section 2.4. Subacute testing),1.714285714,1,6,6,43.11971803,14.13043478,5.768725844,14.13043478,5.768725844,study reports mean and sd,states six fish were placed in recording glass aquarium for social behaviour (section 2.4. Subacute testing),,,,
,,KM,Alterations in social behavior of Japanese medaka (Oryzias latipes) in response to sublethal chlorpyrifos exposure,10.1016/j.chemosphere.2013.02.042,https://www.sciencedirect.com/science/article/pii/S0045653513003500?via%3Dihub,Chemosphere,khalil_2013,khalil_2013_exp_001,khalil_2013_exp2_001,khalil_2013_exp_001_assay_007,khalil_2013_exp2_001_assay2_004,Japanese medaka,Oryzias latipes,laboratory stock from not specified source,not reported ,chlorpyrifos,analytical,2921-88-2,https://commonchemistry.cas.org/detail?cas_rn=2921-88-2&search=chlorpyrifos,organophosphate,0.012,mg/L,4,days,DTNB,25,celsius,shoaling,collective behaviour ,duration,duration of group behaviour,fig3g,khalil_2013_fig3g,1.714285714,1,6,6,4.20843672,4.108910891,1.677455847,4.108910891,1.677455847,study reports mean and sd,states six fish were placed in recording glass aquarium for social behaviour (section 2.4. Subacute testing),1.714285714,1,6,6,7.1292288,0.891089109,0.363785605,0.891089108,0.363785605,study reports mean and sd,states six fish were placed in recording glass aquarium for social behaviour (section 2.4. Subacute testing),,,,
,,KM,Alterations in social behavior of Japanese medaka (Oryzias latipes) in response to sublethal chlorpyrifos exposure,10.1016/j.chemosphere.2013.02.042,https://www.sciencedirect.com/science/article/pii/S0045653513003500?via%3Dihub,Chemosphere,khalil_2013,khalil_2013_exp_001,khalil_2013_exp2_002,khalil_2013_exp_001_assay_008,khalil_2013_exp2_002_assay2_004,Japanese medaka,Oryzias latipes,laboratory stock from not specified source,not reported ,chlorpyrifos,analytical,2921-88-2,https://commonchemistry.cas.org/detail?cas_rn=2921-88-2&search=chlorpyrifos,organophosphate,0.012,mg/L,8,days,DTNB,25,celsius,shoaling,collective behaviour ,duration,duration of group behaviour,fig3g,khalil_2013_fig3g,1.714285714,1,6,6,9.20843672,2.277227723,0.929674325,2.277227723,0.929674325,study reports mean and sd,states six fish were placed in recording glass aquarium for social behaviour (section 2.4. Subacute testing),1.714285714,1,6,6,10.14903078,0.841584158,0.343575294,0.841584159,0.343575294,study reports mean and sd,states six fish were placed in recording glass aquarium for social behaviour (section 2.4. Subacute testing),,,,
,,KM,Alterations in social behavior of Japanese medaka (Oryzias latipes) in response to sublethal chlorpyrifos exposure,10.1016/j.chemosphere.2013.02.042,https://www.sciencedirect.com/science/article/pii/S0045653513003500?via%3Dihub,Chemosphere,khalil_2013,khalil_2013_exp_001,khalil_2013_exp2_001,khalil_2013_exp_001_assay_009,khalil_2013_exp2_001_assay2_005,Japanese medaka,Oryzias latipes,laboratory stock from not specified source,not reported ,chlorpyrifos,analytical,2921-88-2,https://commonchemistry.cas.org/detail?cas_rn=2921-88-2&search=chlorpyrifos,organophosphate,0.012,mg/L,4,days,DTNB,25,celsius,shoaling,collective behaviour ,frequency,frequency of group behaviour,fig3h,khalil_2013_fig3h,1.714285714,1,6,6,54.51519615,44.73684211,18.26373931,44.7368421,18.26373931,study reports mean and sd,states six fish were placed in recording glass aquarium for social behaviour (section 2.4. Subacute testing),1.714285714,1,6,6,68.04903073,20.67669173,8.441224051,20.67669173,8.441224051,study reports mean and sd,states six fish were placed in recording glass aquarium for social behaviour (section 2.4. Subacute testing),,,,
,,KM,Alterations in social behavior of Japanese medaka (Oryzias latipes) in response to sublethal chlorpyrifos exposure,10.1016/j.chemosphere.2013.02.042,https://www.sciencedirect.com/science/article/pii/S0045653513003500?via%3Dihub,Chemosphere,khalil_2013,khalil_2013_exp_001,khalil_2013_exp2_002,khalil_2013_exp_001_assay_010,khalil_2013_exp2_002_assay2_005,Japanese medaka,Oryzias latipes,laboratory stock from not specified source,not reported ,chlorpyrifos,analytical,2921-88-2,https://commonchemistry.cas.org/detail?cas_rn=2921-88-2&search=chlorpyrifos,organophosphate,0.012,mg/L,8,days,DTNB,25,celsius,shoaling,collective behaviour ,frequency,frequency of group behaviour,fig3h,khalil_2013_fig3h,1.714285714,1,6,6,56.3948954,19.17293233,7.827316847,19.17293233,7.827316847,study reports mean and sd,states six fish were placed in recording glass aquarium for social behaviour (section 2.4. Subacute testing),1.714285714,1,6,6,57.89865479,7.142857143,2.916059218,7.142857144,2.916059218,study reports mean and sd,states six fish were placed in recording glass aquarium for social behaviour (section 2.4. Subacute testing),,,,
,,KM,Comparison of social behavior responses of Japanese medaka (Oryzias latipes) to lethal and sublethal chlorpyrifos concentrations at different exposure times,10.1016/j.ecoenv.2017.07.007,https://www.sciencedirect.com/science/article/pii/S0147651317304219?via%3Dihub,Ecotoxicology and Environmental Safety,khalil_2017 ,khalil_2017_exp_001,khalil_2017_exp2_001,khalil_2017_exp_001_assay_001,khalil_2017_exp2_001_assay2_001,Japanese medaka,Oryzias latipes,laboratory stock from not specified source,not reported ,chlorpyrifos,analytical,2921-88-2,https://commonchemistry.cas.org/detail?cas_rn=2921-88-2&search=chlorpyrifos,organophosphate,0.012,mg/L,4,days,ethanol,25,celsius,schooling,collective behaviour ,frequency,frequency of group behaviour,fig1a,khalil_2017_fig1a,1.6,1,4,4,25.16225085,6.543778802,3.271889401,6.543778802,3.271889401,study reports mean and sd,exact sample size provided,1.6,1,4,4,21.62279789,5.952380952,5.952380952,11.9047619,5.952380952,study reports mean and sd,exact sample size provided,,,,
,,KM,Comparison of social behavior responses of Japanese medaka (Oryzias latipes) to lethal and sublethal chlorpyrifos concentrations at different exposure times,10.1016/j.ecoenv.2017.07.007,https://www.sciencedirect.com/science/article/pii/S0147651317304219?via%3Dihub,Ecotoxicology and Environmental Safety,khalil_2017 ,khalil_2017_exp_001,khalil_2017_exp2_001,khalil_2017_exp_001_assay_002,khalil_2017_exp2_001_assay2_002,Japanese medaka,Oryzias latipes,laboratory stock from not specified source,not reported ,chlorpyrifos,analytical,2921-88-2,https://commonchemistry.cas.org/detail?cas_rn=2921-88-2&search=chlorpyrifos,organophosphate,0.012,mg/L,8,days,ethanol,25,celsius,schooling,collective behaviour ,frequency,frequency of group behaviour,fig1a,khalil_2017_fig1a,1.6,1,4,4,13.73367942,1.658986175,0.829493088,1.658986176,0.829493088,study reports mean and sd,exact sample size provided,1.6,1,4,4,18.79744909,4.838709677,4.838709677,9.677419354,4.838709677,study reports mean and sd,exact sample size provided,,,,
,,KM,Comparison of social behavior responses of Japanese medaka (Oryzias latipes) to lethal and sublethal chlorpyrifos concentrations at different exposure times,10.1016/j.ecoenv.2017.07.007,https://www.sciencedirect.com/science/article/pii/S0147651317304219?via%3Dihub,Ecotoxicology and Environmental Safety,khalil_2017 ,khalil_2017_exp_001,khalil_2017_exp2_001,khalil_2017_exp_001_assay_003,khalil_2017_exp2_001_assay2_003,Japanese medaka,Oryzias latipes,laboratory stock from not specified source,not reported ,chlorpyrifos,analytical,2921-88-2,https://commonchemistry.cas.org/detail?cas_rn=2921-88-2&search=chlorpyrifos,organophosphate,0.012,mg/L,12,days,ethanol,25,celsius,schooling,collective behaviour ,frequency,frequency of group behaviour,fig1a,khalil_2017_fig1a,1.6,1,4,4,12.87428283,3.158525346,1.579262673,3.158525346,1.579262673,study reports mean and sd,exact sample size provided,1.6,1,4,4,4.424923664,0.368663594,0.368663594,0.737327188,0.368663594,study reports mean and sd,exact sample size provided,,,,
,,KM,Comparison of social behavior responses of Japanese medaka (Oryzias latipes) to lethal and sublethal chlorpyrifos concentrations at different exposure times,10.1016/j.ecoenv.2017.07.007,https://www.sciencedirect.com/science/article/pii/S0147651317304219?via%3Dihub,Ecotoxicology and Environmental Safety,khalil_2017 ,khalil_2017_exp_002,khalil_2017_exp2_002,khalil_2017_exp_002_assay_001,khalil_2017_exp2_002_assay2_001,Japanese medaka,Oryzias latipes,laboratory stock from not specified source,not reported ,chlorpyrifos,analytical,2921-88-2,https://commonchemistry.cas.org/detail?cas_rn=2921-88-2&search=chlorpyrifos,organophosphate,0.12,mg/L,4,days,ethanol,25,celsius,schooling,collective behaviour ,frequency,frequency of group behaviour,fig1a,khalil_2017_fig1a,1.6,1,4,4,25.16225085,6.543778802,3.271889401,6.543778802,3.271889401,study reports mean and sd,exact sample size provided,1.6,1,4,4,7.650730115,2.119815668,2.119815668,4.239631336,2.119815668,study reports mean and sd,exact sample size provided,,,,
,,KM,Comparison of social behavior responses of Japanese medaka (Oryzias latipes) to lethal and sublethal chlorpyrifos concentrations at different exposure times,10.1016/j.ecoenv.2017.07.007,https://www.sciencedirect.com/science/article/pii/S0147651317304219?via%3Dihub,Ecotoxicology and Environmental Safety,khalil_2017 ,khalil_2017_exp_001,khalil_2017_exp2_001,khalil_2017_exp_001_assay_004,khalil_2017_exp2_001_assay2_004,Japanese medaka,Oryzias latipes,laboratory stock from not specified source,not reported ,chlorpyrifos,analytical,2921-88-2,https://commonchemistry.cas.org/detail?cas_rn=2921-88-2&search=chlorpyrifos,organophosphate,0.012,mg/L,4,days,ethanol,25,celsius,schooling,collective behaviour ,duration ,duration of group behaviour,fig1b,khalil_2017_fig1b,1.6,1,4,4,2.628309339,0.924187726,0.462093863,0.924187726,0.462093863,study reports mean and sd,exact sample size provided,1.6,1,4,4,2.628309339,0.924187726,0.42755716,0.85511432,0.42755716,study reports mean and sd,exact sample size provided,,,,
,,KM,Comparison of social behavior responses of Japanese medaka (Oryzias latipes) to lethal and sublethal chlorpyrifos concentrations at different exposure times,10.1016/j.ecoenv.2017.07.007,https://www.sciencedirect.com/science/article/pii/S0147651317304219?via%3Dihub,Ecotoxicology and Environmental Safety,khalil_2017 ,khalil_2017_exp_001,khalil_2017_exp2_001,khalil_2017_exp_001_assay_005,khalil_2017_exp2_001_assay2_005,Japanese medaka,Oryzias latipes,laboratory stock from not specified source,not reported ,chlorpyrifos,analytical,2921-88-2,https://commonchemistry.cas.org/detail?cas_rn=2921-88-2&search=chlorpyrifos,organophosphate,0.012,mg/L,8,days,ethanol,25,celsius,schooling,collective behaviour ,duration ,duration of group behaviour,fig1b,khalil_2017_fig1b,1.6,1,4,4,1.717924461,0.404969716,0.202484858,0.404969716,0.202484858,study reports mean and sd,exact sample size provided,1.6,1,4,4,1.717924461,0.404969716,1.038411552,2.076823104,1.038411552,study reports mean and sd,exact sample size provided,,,,
,,KM,Comparison of social behavior responses of Japanese medaka (Oryzias latipes) to lethal and sublethal chlorpyrifos concentrations at different exposure times,10.1016/j.ecoenv.2017.07.007,https://www.sciencedirect.com/science/article/pii/S0147651317304219?via%3Dihub,Ecotoxicology and Environmental Safety,khalil_2017 ,khalil_2017_exp_001,khalil_2017_exp2_001,khalil_2017_exp_001_assay_006,khalil_2017_exp2_001_assay2_006,Japanese medaka,Oryzias latipes,laboratory stock from not specified source,not reported ,chlorpyrifos,analytical,2921-88-2,https://commonchemistry.cas.org/detail?cas_rn=2921-88-2&search=chlorpyrifos,organophosphate,0.012,mg/L,12,days,ethanol,25,celsius,schooling,collective behaviour ,duration ,duration of group behaviour,fig1b,khalil_2017_fig1b,1.6,1,4,4,1.81709881,0.41612515,0.208062575,0.41612515,0.208062575,study reports mean and sd,exact sample size provided,1.6,1,4,4,1.81709881,0.41612515,0.036101083,0.072202166,0.036101083,study reports mean and sd,exact sample size provided,,,,
,,KM,Comparison of social behavior responses of Japanese medaka (Oryzias latipes) to lethal and sublethal chlorpyrifos concentrations at different exposure times,10.1016/j.ecoenv.2017.07.007,https://www.sciencedirect.com/science/article/pii/S0147651317304219?via%3Dihub,Ecotoxicology and Environmental Safety,khalil_2017 ,khalil_2017_exp_002,khalil_2017_exp2_002,khalil_2017_exp_002_assay_002,khalil_2017_exp2_002_assay2_002,Japanese medaka,Oryzias latipes,laboratory stock from not specified source,not reported ,chlorpyrifos,analytical,2921-88-2,https://commonchemistry.cas.org/detail?cas_rn=2921-88-2&search=chlorpyrifos,organophosphate,0.12,mg/L,4,days,ethanol,25,celsius,schooling,collective behaviour ,duration ,duration of group behaviour,fig1b,khalil_2017_fig1b,1.6,1,4,4,2.628309339,0.924187726,0.462093863,0.924187726,0.462093863,study reports mean and sd,exact sample size provided,1.6,1,4,4,2.628309339,0.924187726,0.04765343,0.09530686,0.04765343,study reports mean and sd,exact sample size provided,,,,
,,KM,Comparison of social behavior responses of Japanese medaka (Oryzias latipes) to lethal and sublethal chlorpyrifos concentrations at different exposure times,10.1016/j.ecoenv.2017.07.007,https://www.sciencedirect.com/science/article/pii/S0147651317304219?via%3Dihub,Ecotoxicology and Environmental Safety,khalil_2017 ,khalil_2017_exp_001,khalil_2017_exp2_001,khalil_2017_exp_001_assay_007,khalil_2017_exp2_001_assay2_007,Japanese medaka,Oryzias latipes,laboratory stock from not specified source,not reported ,chlorpyrifos,analytical,2921-88-2,https://commonchemistry.cas.org/detail?cas_rn=2921-88-2&search=chlorpyrifos,organophosphate,0.012,mg/L,4,days,ethanol,25,celsius,shoaling,collective behaviour ,frequency,frequency of group behaviour,fig1c,khalil_2017_fig1c,1.6,1,4,4,32.75392542,5.286460808,2.643230404,5.286460808,2.643230404,study reports mean and sd,exact sample size provided,1.6,1,4,4,28.27365465,6.655581948,3.327790974,6.655581948,3.327790974,study reports mean and sd,exact sample size provided,,,,
,,KM,Comparison of social behavior responses of Japanese medaka (Oryzias latipes) to lethal and sublethal chlorpyrifos concentrations at different exposure times,10.1016/j.ecoenv.2017.07.007,https://www.sciencedirect.com/science/article/pii/S0147651317304219?via%3Dihub,Ecotoxicology and Environmental Safety,khalil_2017 ,khalil_2017_exp_001,khalil_2017_exp2_001,khalil_2017_exp_001_assay_008,khalil_2017_exp2_001_assay2_008,Japanese medaka,Oryzias latipes,laboratory stock from not specified source,not reported ,chlorpyrifos,analytical,2921-88-2,https://commonchemistry.cas.org/detail?cas_rn=2921-88-2&search=chlorpyrifos,organophosphate,0.012,mg/L,8,days,ethanol,25,celsius,shoaling,collective behaviour ,frequency,frequency of group behaviour,fig1c,khalil_2017_fig1c,1.6,1,4,4,20.17022362,2.299287411,1.149643705,2.29928741,1.149643705,study reports mean and sd,exact sample size provided,1.6,1,4,4,20.82053712,6.132541568,3.066270784,6.132541568,3.066270784,study reports mean and sd,exact sample size provided,,,,
,,KM,Comparison of social behavior responses of Japanese medaka (Oryzias latipes) to lethal and sublethal chlorpyrifos concentrations at different exposure times,10.1016/j.ecoenv.2017.07.007,https://www.sciencedirect.com/science/article/pii/S0147651317304219?via%3Dihub,Ecotoxicology and Environmental Safety,khalil_2017 ,khalil_2017_exp_001,khalil_2017_exp2_001,khalil_2017_exp_001_assay_009,khalil_2017_exp2_001_assay2_009,Japanese medaka,Oryzias latipes,laboratory stock from not specified source,not reported ,chlorpyrifos,analytical,2921-88-2,https://commonchemistry.cas.org/detail?cas_rn=2921-88-2&search=chlorpyrifos,organophosphate,0.012,mg/L,12,days,ethanol,25,celsius,shoaling,collective behaviour ,frequency,frequency of group behaviour,fig1c,khalil_2017_fig1c,1.6,1,4,4,15.16123492,3.358353127,1.679176564,3.358353128,1.679176564,study reports mean and sd,exact sample size provided,1.6,1,4,4,14.17666886,2.987806809,1.493903405,2.98780681,1.493903405,study reports mean and sd,exact sample size provided,,,,
,,KM,Comparison of social behavior responses of Japanese medaka (Oryzias latipes) to lethal and sublethal chlorpyrifos concentrations at different exposure times,10.1016/j.ecoenv.2017.07.007,https://www.sciencedirect.com/science/article/pii/S0147651317304219?via%3Dihub,Ecotoxicology and Environmental Safety,khalil_2017 ,khalil_2017_exp_002,khalil_2017_exp2_002,khalil_2017_exp_002_assay_003,khalil_2017_exp2_002_assay2_003,Japanese medaka,Oryzias latipes,laboratory stock from not specified source,not reported ,chlorpyrifos,analytical,2921-88-2,https://commonchemistry.cas.org/detail?cas_rn=2921-88-2&search=chlorpyrifos,organophosphate,0.12,mg/L,4,days,ethanol,25,celsius,shoaling,collective behaviour ,frequency,frequency of group behaviour,fig1c,khalil_2017_fig1c,1.6,1,4,4,32.75392542,5.286460808,2.643230404,5.286460808,2.643230404,study reports mean and sd,exact sample size provided,1.6,1,4,4,13.0943802,4.516072842,2.258036421,4.516072842,2.258036421,study reports mean and sd,exact sample size provided,,,,
,,KM,Comparison of social behavior responses of Japanese medaka (Oryzias latipes) to lethal and sublethal chlorpyrifos concentrations at different exposure times,10.1016/j.ecoenv.2017.07.007,https://www.sciencedirect.com/science/article/pii/S0147651317304219?via%3Dihub,Ecotoxicology and Environmental Safety,khalil_2017 ,khalil_2017_exp_001,khalil_2017_exp2_001,khalil_2017_exp_001_assay_010,khalil_2017_exp2_001_assay2_010,Japanese medaka,Oryzias latipes,laboratory stock from not specified source,not reported ,chlorpyrifos,analytical,2921-88-2,https://commonchemistry.cas.org/detail?cas_rn=2921-88-2&search=chlorpyrifos,organophosphate,0.012,mg/L,4,days,ethanol,25,celsius,shoaling ,collective behaviour ,duration,duration of group behaviour,fig1d,khalil_2017_fig1d,1.6,1,4,4,32.75392542,5.286460808,2.643230404,5.286460808,2.643230404,study reports mean and sd,exact sample size provided,1.6,1,4,4,28.27365465,6.655581948,3.327790974,6.655581948,3.327790974,study reports mean and sd,exact sample size provided,,,,
,,KM,Comparison of social behavior responses of Japanese medaka (Oryzias latipes) to lethal and sublethal chlorpyrifos concentrations at different exposure times,10.1016/j.ecoenv.2017.07.007,https://www.sciencedirect.com/science/article/pii/S0147651317304219?via%3Dihub,Ecotoxicology and Environmental Safety,khalil_2017 ,khalil_2017_exp_001,khalil_2017_exp2_001,khalil_2017_exp_001_assay_011,khalil_2017_exp2_001_assay2_011,Japanese medaka,Oryzias latipes,laboratory stock from not specified source,not reported ,chlorpyrifos,analytical,2921-88-2,https://commonchemistry.cas.org/detail?cas_rn=2921-88-2&search=chlorpyrifos,organophosphate,0.012,mg/L,8,days,ethanol,25,celsius,shoaling ,collective behaviour ,duration,duration of group behaviour,fig1d,khalil_2017_fig1d,1.6,1,4,4,20.17022362,2.299287411,1.149643705,2.29928741,1.149643705,study reports mean and sd,exact sample size provided,1.6,1,4,4,20.82053712,6.132541568,3.066270784,6.132541568,3.066270784,study reports mean and sd,exact sample size provided,,,,
,,KM,Comparison of social behavior responses of Japanese medaka (Oryzias latipes) to lethal and sublethal chlorpyrifos concentrations at different exposure times,10.1016/j.ecoenv.2017.07.007,https://www.sciencedirect.com/science/article/pii/S0147651317304219?via%3Dihub,Ecotoxicology and Environmental Safety,khalil_2017 ,khalil_2017_exp_001,khalil_2017_exp2_001,khalil_2017_exp_001_assay_012,khalil_2017_exp2_001_assay2_012,Japanese medaka,Oryzias latipes,laboratory stock from not specified source,not reported ,chlorpyrifos,analytical,2921-88-2,https://commonchemistry.cas.org/detail?cas_rn=2921-88-2&search=chlorpyrifos,organophosphate,0.012,mg/L,12,days,ethanol,25,celsius,shoaling ,collective behaviour ,duration,duration of group behaviour,fig1d,khalil_2017_fig1d,1.6,1,4,4,15.16123492,3.358353127,1.679176564,3.358353128,1.679176564,study reports mean and sd,exact sample size provided,1.6,1,4,4,14.17666886,2.987806809,1.493903405,2.98780681,1.493903405,study reports mean and sd,exact sample size provided,,,,
,,KM,Comparison of social behavior responses of Japanese medaka (Oryzias latipes) to lethal and sublethal chlorpyrifos concentrations at different exposure times,10.1016/j.ecoenv.2017.07.007,https://www.sciencedirect.com/science/article/pii/S0147651317304219?via%3Dihub,Ecotoxicology and Environmental Safety,khalil_2017 ,khalil_2017_exp_002,khalil_2017_exp2_002,khalil_2017_exp_002_assay_004,khalil_2017_exp2_002_assay2_004,Japanese medaka,Oryzias latipes,laboratory stock from not specified source,not reported ,chlorpyrifos,analytical,2921-88-2,https://commonchemistry.cas.org/detail?cas_rn=2921-88-2&search=chlorpyrifos,organophosphate,0.12,mg/L,4,days,ethanol,25,celsius,shoaling ,collective behaviour ,duration,duration of group behaviour,fig1d,khalil_2017_fig1d,1.6,1,4,4,32.75392542,5.286460808,2.643230404,5.286460808,2.643230404,study reports mean and sd,exact sample size provided,1.6,1,4,4,13.0943802,4.516072842,2.258036421,4.516072842,2.258036421,study reports mean and sd,exact sample size provided,,,,
,,KM,New evidence for neurobehavioral toxicity of deltamethrin at environmentally relevant levels in zebrafish,10.1016/j.scitotenv.2022.153623,"https://www.sciencedirect.com/science/article/pii/S004896972200715X#:~:text=Taken%20together%2C%20deltamethrin%20exposure%20increased,social%20behaviors%20in%20adult%20zebrafish.",Science of The Total Environment,lei_2022,lei_2022_exp_001,lei_2022_exp2_004,lei_2022_exp_001_assay_002,lei_2022_exp2_004_assay2_001,zebrafish ,Danio rerio,laboratory stock from not specified source,female,deltamethrin,analytical,52918-63-6,in paper,pyrethroid,30,ng/L,21,days,DMSO,28,celsius,shoaling,collective behaviour ,nearest neighbour distance,group arrangment ,fig2b,lei_2022_fig2b,5.33333,3,24,24,0.216495363,0.032021614,0.035922301,0.10160361,0.02073975,study reports boxplot,"calculated effective sample size from Rutkowska et al., 2014 (ICC assumed at  0.5)",5.33333,3,24,24,0.241332514,0.039515394,0.043225344,0.122259735,0.024956164,study reports boxplot,"calculated effective sample size from Rutkowska et al., 2014 (ICC assumed at  0.5)",,,,
,,KM,New evidence for neurobehavioral toxicity of deltamethrin at environmentally relevant levels in zebrafish,10.1016/j.scitotenv.2022.153623,"https://www.sciencedirect.com/science/article/pii/S004896972200715X#:~:text=Taken%20together%2C%20deltamethrin%20exposure%20increased,social%20behaviors%20in%20adult%20zebrafish.",Science of The Total Environment,lei_2022,lei_2022_exp_002,lei_2022_exp2_005,lei_2022_exp_002_assay_002,lei_2022_exp2_005_assay2_001,zebrafish ,Danio rerio,laboratory stock from not specified source,female,deltamethrin,analytical,52918-63-7,in paper,pyrethroid,100,ng/L,21,days,DMSO,28,celsius,shoaling,collective behaviour ,nearest neighbour distance,group arrangment ,fig2b,lei_2022_fig2b,5.33333,3,24,24,0.216495363,0.032021614,0.035922301,0.10160361,0.02073975,study reports boxplot,"calculated effective sample size from Rutkowska et al., 2014 (ICC assumed at  0.5)",5.33333,3,24,24,0.203639129,0.018523581,0.019888793,0.056254002,0.0114828,study reports boxplot,"calculated effective sample size from Rutkowska et al., 2014 (ICC assumed at  0.5)",,,,
,,KM,New evidence for neurobehavioral toxicity of deltamethrin at environmentally relevant levels in zebrafish,10.1016/j.scitotenv.2022.153623,"https://www.sciencedirect.com/science/article/pii/S004896972200715X#:~:text=Taken%20together%2C%20deltamethrin%20exposure%20increased,social%20behaviors%20in%20adult%20zebrafish.",Science of The Total Environment,lei_2022,lei_2022_exp_003,lei_2022_exp2_006,lei_2022_exp_003_assay_002,lei_2022_exp2_006_assay2_001,zebrafish ,Danio rerio,laboratory stock from not specified source,female,deltamethrin,analytical,52918-63-8,in paper,pyrethroid,333,ng/L,21,days,DMSO,28,celsius,shoaling,collective behaviour ,nearest neighbour distance,group arrangment ,fig2b,lei_2022_fig2b,5.33333,3,24,24,0.216495363,0.032021614,0.035922301,0.10160361,0.02073975,study reports boxplot,"calculated effective sample size from Rutkowska et al., 2014 (ICC assumed at  0.5)",5.33333,3,24,24,0.225795618,0.023086599,0.02418033,0.068392301,0.01396052,study reports boxplot,"calculated effective sample size from Rutkowska et al., 2014 (ICC assumed at  0.5)",,,,
,,KM,New evidence for neurobehavioral toxicity of deltamethrin at environmentally relevant levels in zebrafish,10.1016/j.scitotenv.2022.153623,"https://www.sciencedirect.com/science/article/pii/S004896972200715X#:~:text=Taken%20together%2C%20deltamethrin%20exposure%20increased,social%20behaviors%20in%20adult%20zebrafish.",Science of The Total Environment,lei_2022,lei_2022_exp_001,lei_2022_exp2_004,lei_2022_exp_001_assay_003,lei_2022_exp2_004_assay2_002,zebrafish ,Danio rerio,laboratory stock from not specified source,female,deltamethrin,analytical,52918-63-9,in paper,pyrethroid,30,ng/L,21,days,DMSO,28,celsius,shoaling,collective behaviour ,inter individual difference,group arrangment ,fig2c,lei_2022_fig2c,5.33333,3,24,24,0.111778092,0.022816607,0.127531521,0.360713613,0.073630358,study reports boxplot,"calculated effective sample size from Rutkowska et al., 2014 (ICC assumed at  0.5)",5.33333,3,24,24,0.15949484,0.032556748,0.167505532,0.47377719,0.096709364,study reports boxplot,"calculated effective sample size from Rutkowska et al., 2014 (ICC assumed at  0.5)",,,,
,,KM,New evidence for neurobehavioral toxicity of deltamethrin at environmentally relevant levels in zebrafish,10.1016/j.scitotenv.2022.153623,"https://www.sciencedirect.com/science/article/pii/S004896972200715X#:~:text=Taken%20together%2C%20deltamethrin%20exposure%20increased,social%20behaviors%20in%20adult%20zebrafish.",Science of The Total Environment,lei_2022,lei_2022_exp_002,lei_2022_exp2_005,lei_2022_exp_002_assay_003,lei_2022_exp2_005_assay2_002,zebrafish ,Danio rerio,laboratory stock from not specified source,female,deltamethrin,analytical,52918-63-10,in paper,pyrethroid,100,ng/L,21,days,DMSO,28,celsius,shoaling,collective behaviour ,inter individual difference,group arrangment ,fig2c,lei_2022_fig2c,5.33333,3,24,24,0.111778092,0.022816607,0.127531521,0.360713613,0.073630358,study reports boxplot,"calculated effective sample size from Rutkowska et al., 2014 (ICC assumed at  0.5)",5.33333,3,24,24,0.151126673,0.030848603,0.164349082,0.464849403,0.094886987,study reports boxplot,"calculated effective sample size from Rutkowska et al., 2014 (ICC assumed at  0.5)",,,,
,,KM,New evidence for neurobehavioral toxicity of deltamethrin at environmentally relevant levels in zebrafish,10.1016/j.scitotenv.2022.153623,"https://www.sciencedirect.com/science/article/pii/S004896972200715X#:~:text=Taken%20together%2C%20deltamethrin%20exposure%20increased,social%20behaviors%20in%20adult%20zebrafish.",Science of The Total Environment,lei_2022,lei_2022_exp_003,lei_2022_exp2_006,lei_2022_exp_003_assay_003,lei_2022_exp2_006_assay2_002,zebrafish ,Danio rerio,laboratory stock from not specified source,female,deltamethrin,analytical,52918-63-11,in paper,pyrethroid,333,ng/L,21,days,DMSO,28,celsius,shoaling,collective behaviour ,inter individual difference,group arrangment ,fig2c,lei_2022_fig2c,5.33333,3,24,24,0.111778092,0.022816607,0.127531521,0.360713613,0.073630358,study reports boxplot,"calculated effective sample size from Rutkowska et al., 2014 (ICC assumed at  0.5)",5.33333,3,24,24,0.118276173,0.024143023,0.132909736,0.375925503,0.076735472,study reports boxplot,"calculated effective sample size from Rutkowska et al., 2014 (ICC assumed at  0.5)",,,,
,,KM,Swimming under Pressure: The Sub-Lethal Effects of a Pesticide on the Behaviour of Native and Non-Native Cypriniformes Fish,10.3390/fishes8090462 ,https://www.mdpi.com/2410-3888/8/9/462,Fishes,leite_2023,leite_2023_exp_001,leite_2023_exp2_001,leite_2023_exp_001_assay_001,leite_2023_exp2_001_assay2_001,Iberian barbel,Luciobarbus bocagei,wild collected,not reported ,esfenvalerate,commercial  ,66230-04-4,https://commonchemistry.cas.org/detail?cas_rn=66230-04-4&search=esfenvalerate,pyrethroid,1.2,ug/L,2,hours,not reported ,not reported,not reported,shoaling ,collective behaviour ,cohesion,group arrangment ,in_text,leite_2023_in_text,4.8,3,12,12,0.813,0.453514278,0.358534517,0.717069034,0.207,"study does not state error type used, so we assumed to be SE","calculated effective sample size from Rutkowska et al., 2014 (ICC assumed at  0.5)",4.8,3,12,12,0.705,0.466659619,0.368926822,0.737853644,0.213,"study does not state error type used, so we assumed to be SE","calculated effective sample size from Rutkowska et al., 2014 (ICC assumed at  0.5)",,,,
,,KM,Swimming under Pressure: The Sub-Lethal Effects of a Pesticide on the Behaviour of Native and Non-Native Cypriniformes Fish,10.3390/fishes8090462 ,https://www.mdpi.com/2410-3888/8/9/462,Fishes,leite_2023,leite_2023_exp_002,leite_2023_exp2_002,leite_2023_exp_002_assay_001,leite_2023_exp2_002_assay2_001,Iberian barbel,Luciobarbus bocagei,wild collected,not reported ,esfenvalerate,commercial  ,66230-04-4,https://commonchemistry.cas.org/detail?cas_rn=66230-04-4&search=esfenvalerate,pyrethroid,2,ug/L,2,hours,not reported ,not reported,not reported,shoaling ,collective behaviour ,cohesion,group arrangment ,in_text,leite_2023_in_text,4.8,3,12,12,0.813,0.453514278,0.358534517,0.717069034,0.207,"study does not state error type used, so we assumed to be SE","calculated effective sample size from Rutkowska et al., 2014 (ICC assumed at  0.5)",4.8,3,12,12,0.711,0.462277839,0.36546272,0.730925441,0.211,"study does not state error type used, so we assumed to be SE","calculated effective sample size from Rutkowska et al., 2014 (ICC assumed at  0.5)",,,,
,,KM,Swimming under Pressure: The Sub-Lethal Effects of a Pesticide on the Behaviour of Native and Non-Native Cypriniformes Fish,10.3390/fishes8090462 ,https://www.mdpi.com/2410-3888/8/9/462,Fishes,leite_2023,leite_2023_exp_003,leite_2023_exp2_003,leite_2023_exp_003_assay_001,leite_2023_exp2_003_assay2_001,Bleak,Alburnus alburnus,wild collected,not reported ,esfenvalerate,commercial  ,66230-04-4,https://commonchemistry.cas.org/detail?cas_rn=66230-04-4&search=esfenvalerate,pyrethroid,1.2,ug/L,2,hours,not reported ,not reported,not reported,shoaling ,collective behaviour ,cohesion,group arrangment ,in_text,leite_2023_in_text,4.8,3,12,12,0.311106413,0.284,0.245951215,0.491902429,0.142,"study does not state error type used, so we assumed to be SE","calculated effective sample size from Rutkowska et al., 2014 (ICC assumed at  0.5)",4.8,3,12,12,0.958,0.311106413,0.245951215,0.491902429,0.142,"study does not state error type used, so we assumed to be SE","calculated effective sample size from Rutkowska et al., 2014 (ICC assumed at  0.5)",,,,
,,KM,Swimming under Pressure: The Sub-Lethal Effects of a Pesticide on the Behaviour of Native and Non-Native Cypriniformes Fish,10.3390/fishes8090462 ,https://www.mdpi.com/2410-3888/8/9/462,Fishes,leite_2023,leite_2023_exp_004,leite_2023_exp2_004,leite_2023_exp_004_assay_001,leite_2023_exp2_004_assay2_001,Bleak,Alburnus alburnus,wild collected,not reported ,esfenvalerate,commercial  ,66230-04-4,https://commonchemistry.cas.org/detail?cas_rn=66230-04-4&search=esfenvalerate,pyrethroid,2,ug/L,2,hours,not reported ,not reported,not reported,shoaling ,collective behaviour ,cohesion,group arrangment ,in_text,leite_2023_in_text,4.8,3,12,12,0.311106413,0.284,0.245951215,0.491902429,0.142,"study does not state error type used, so we assumed to be SE","calculated effective sample size from Rutkowska et al., 2014 (ICC assumed at  0.5)",4.8,3,12,12,0.896,0.403123802,0.318697349,0.637394697,0.184,"study does not state error type used, so we assumed to be SE","calculated effective sample size from Rutkowska et al., 2014 (ICC assumed at  0.5)",,,,
 states inter-fish distance as social and I would classified this as shoaling,,KM,DDT and titanium dioxide nanoparticle coexposure induced neurobehavioral deficits in zebrafish,10.1016/j.ntt.2024.107323,https://www.sciencedirect.com/science/article/pii/S0892036224000059?via%3Dihub,,lin_2024,lin_2024_exp_001,lin_2024_exp2_001,lin_2024_exp_001_assay_001,lin_2024_exp2_001_assay2_001,zebrafish ,Danio rerio,laboratory stock from not specified source,female,DDT,analytical,P-029NB-250,in paper ,organochlorine ,5,nm,40,days,DMSO,28,celsius,social interaction,collective behaviour ,inter-individual distance ,group arrangment ,fig3d,lin_2024_fig3d,3.2,2,8,2,26.87687208,0.660930736,0.660930736,1.321861471,0.467348605,study reports mean and sd,"calculated effective sample size from Rutkowska et al., 2014 (ICC assumed at  0.5)",3.2,2,8,2,22.74072489,0.682251082,0.682251083,1.364502165,0.482424367,study reports mean and sd,"calculated effective sample size from Rutkowska et al., 2014 (ICC assumed at  0.5)",,,,
,,KM,DDT and titanium dioxide nanoparticle coexposure induced neurobehavioral deficits in zebrafish,10.1016/j.ntt.2024.107323,https://www.sciencedirect.com/science/article/pii/S0892036224000059?via%3Dihub,,lin_2024,lin_2024_exp_002,lin_2024_exp2_002,lin_2024_exp_002_assay_001,lin_2024_exp2_002_assay2_001,zebrafish ,Danio rerio,laboratory stock from not specified source,male ,DDT,analytical,P-029NB-250,in paper ,organochlorine ,5,nm,40,days,DMSO,28,celsius,social interaction,collective behaviour ,inter-individual distance ,group arrangment ,fig3d,lin_2024_fig3d,3.2,2,8,2,24.52768263,0.563632228,0.563632228,1.127264455,0.39854817,study reports mean and sd,"calculated effective sample size from Rutkowska et al., 2014 (ICC assumed at  0.5)",3.2,2,8,2,24.04573623,0.661655224,0.661655224,1.323310449,0.467860896,study reports mean and sd,"calculated effective sample size from Rutkowska et al., 2014 (ICC assumed at  0.5)",,,,
,,KM,Subchronic atrazine exposure changes defensive behaviour profile and disrupts brain acetylcholinesterase activity of zebrafish,10.1016/j.ntt.2014.05.006,https://sciencedirect.com/science/article/pii/S0892036214001226,Neurotoxicology and Teratology,schmidel_2014,schmidel_2014_exp_001,schmidel_2014_exp2_001,schmidel_2014_exp_001_assay_001,schmidel_2014_exp2_001_assay2_001,zebrafish,Danio rerio,labratory stock from commercial supplier ,mixed,atrazine,analytical,1912-24-9,in paper,triazine,10,ug/L,14,days,acetone,27,celsius,shoaling,collective behaviour ,distance,group movement,fig1a,schmidel_2014_fig1a,15.05882353,128,8,8,5.475168553,0.84007804,0.840078039,3.360312155,0.297012439,study reports mean and se,exact sample size provided,15.05882353,128,8,8,5.222157956,0.280026013,0.280026012,1.120104048,0.099004146,study reports mean and se,exact sample size provided,,,,
,,KM,Subchronic atrazine exposure changes defensive behaviour profile and disrupts brain acetylcholinesterase activity of zebrafish,10.1016/j.ntt.2014.05.006,https://sciencedirect.com/science/article/pii/S0892036214001226,Neurotoxicology and Teratology,schmidel_2014,schmidel_2014_exp_002,schmidel_2014_exp2_002,schmidel_2014_exp_002_assay_001,schmidel_2014_exp2_002_assay2_001,zebrafish,Danio rerio,labratory stock from commercial supplier ,mixed,atrazine,analytical,1912-24-9,in paper,triazine,1000,ug/L,14,days,acetone,27,celsius,shoaling,collective behaviour ,distance,group movement,fig1a,schmidel_2014_fig1a,15.05882353,128,8,8,5.475168553,0.84007804,0.840078039,3.360312155,0.297012439,study reports mean and se,exact sample size provided,15.05882353,128,8,8,6.883227525,1.866840089,1.866840089,7.467360354,0.660027643,study reports mean and se,exact sample size provided,,,,
,,KM,Subchronic atrazine exposure changes defensive behaviour profile and disrupts brain acetylcholinesterase activity of zebrafish,10.1016/j.ntt.2014.05.006,https://sciencedirect.com/science/article/pii/S0892036214001226,Neurotoxicology and Teratology,schmidel_2014,schmidel_2014_exp_001,schmidel_2014_exp2_003,schmidel_2014_exp_001_assay_002,schmidel_2014_exp2_003_assay2_001,zebrafish,Danio rerio,labratory stock from commercial supplier ,mixed,atrazine,analytical,1912-24-9,in paper,triazine,10,ug/L,14,days,acetone,27,celsius,shoaling,collective behaviour ,nearest neighbour distance,group arrangment ,fig1b,schmidel_2014_fig1b,15.05882353,128,8,8,2.332679551,0.26810289,0.268102891,1.072411562,0.094788686,study reports mean and se,exact sample size provided,15.05882353,128,8,8,2.100973875,0.163840655,0.163840655,0.655362619,0.057926419,study reports mean and se,exact sample size provided,,,,
,,KM,Subchronic atrazine exposure changes defensive behaviour profile and disrupts brain acetylcholinesterase activity of zebrafish,10.1016/j.ntt.2014.05.006,https://sciencedirect.com/science/article/pii/S0892036214001226,Neurotoxicology and Teratology,schmidel_2014,schmidel_2014_exp_002,schmidel_2014_exp2_004,schmidel_2014_exp_002_assay_002,schmidel_2014_exp2_004_assay2_001,zebrafish,Danio rerio,labratory stock from commercial supplier ,mixed,atrazine,analytical,1912-24-9,in paper,triazine,1000,ug/L,14,days,acetone,27,celsius,shoaling,collective behaviour ,nearest neighbour distance,group arrangment ,fig1b,schmidel_2014_fig1b,15.05882353,128,8,8,2.332679551,0.26810289,0.268102891,1.072411562,0.094788686,study reports mean and se,exact sample size provided,15.05882353,128,8,8,2.796090904,0.789414065,0.789414064,3.157656257,0.279100019,study reports mean and se,exact sample size provided,,,,
,,KM,Subchronic atrazine exposure changes defensive behaviour profile and disrupts brain acetylcholinesterase activity of zebrafish,10.1016/j.ntt.2014.05.006,https://sciencedirect.com/science/article/pii/S0892036214001226,Neurotoxicology and Teratology,schmidel_2014,schmidel_2014_exp_001,schmidel_2014_exp2_005,schmidel_2014_exp_001_assay_003,schmidel_2014_exp2_005_assay2_001,zebrafish,Danio rerio,labratory stock from commercial supplier ,mixed,atrazine,analytical,1912-24-9,in paper,triazine,10,ug/L,14,days,acetone,27,celsius,shoaling,collective behaviour ,farthest neighbour distance,group arrangment ,fig1c,schmidel_2014_fig1c,15.05882353,128,8,8,8.394611767,1.204601699,1.204601699,4.818406796,0.425891015,study reports mean and se,exact sample size provided,15.05882353,128,8,8,8.279948801,0.833955022,0.833955023,3.335820092,0.294847626,study reports mean and se,exact sample size provided,,,,
,,KM,Subchronic atrazine exposure changes defensive behaviour profile and disrupts brain acetylcholinesterase activity of zebrafish,10.1016/j.ntt.2014.05.006,https://sciencedirect.com/science/article/pii/S0892036214001226,Neurotoxicology and Teratology,schmidel_2014,schmidel_2014_exp_002,schmidel_2014_exp2_006,schmidel_2014_exp_002_assay_003,schmidel_2014_exp2_006_assay2_001,zebrafish,Danio rerio,labratory stock from commercial supplier ,mixed,atrazine,analytical,1912-24-9,in paper,triazine,1000,ug/L,14,days,acetone,27,celsius,shoaling,collective behaviour ,farthest neighbour distance,group arrangment ,fig1c,schmidel_2014_fig1c,15.05882353,128,8,8,8.394611767,1.204601699,1.204601699,4.818406796,0.425891015,study reports mean and se,exact sample size provided,15.05882353,128,8,8,10.80253404,2.918842578,2.918842578,11.67537031,1.03196669,study reports mean and se,exact sample size provided,,,,
,,KM,Subchronic atrazine exposure changes defensive behaviour profile and disrupts brain acetylcholinesterase activity of zebrafish,10.1016/j.ntt.2014.05.006,https://sciencedirect.com/science/article/pii/S0892036214001226,Neurotoxicology and Teratology,schmidel_2014,schmidel_2014_exp_001,schmidel_2014_exp2_007,schmidel_2014_exp_001_assay_004,schmidel_2014_exp2_007_assay2_001,zebrafish,Danio rerio,labratory stock from commercial supplier ,mixed,atrazine,analytical,1912-24-9,in paper,triazine,10,ug/L,14,days,acetone,27,celsius,shoaling,collective behaviour ,shoal area,group arrangment ,fig2,schmidel_2014_fig2,15.05882353,128,8,8,17.26240721,4.096896407,4.096896408,16.38758563,1.448471616,study reports mean and se,exact sample size provided,15.05882353,128,8,8,14.83271289,2.378843075,2.378843075,9.515372302,0.841048035,study reports mean and se,exact sample size provided,,,,
,,KM,Subchronic atrazine exposure changes defensive behaviour profile and disrupts brain acetylcholinesterase activity of zebrafish,10.1016/j.ntt.2014.05.006,https://sciencedirect.com/science/article/pii/S0892036214001226,Neurotoxicology and Teratology,schmidel_2014,schmidel_2014_exp_002,schmidel_2014_exp2_008,schmidel_2014_exp_002_assay_004,schmidel_2014_exp2_008_assay2_001,zebrafish,Danio rerio,labratory stock from commercial supplier ,mixed,atrazine,analytical,1912-24-9,in paper,triazine,1000,ug/L,14,days,acetone,27,celsius,shoaling,collective behaviour ,shoal area,group arrangment ,fig2,schmidel_2014_fig2,15.05882353,128,8,8,17.26240721,4.096896407,4.096896408,16.38758563,1.448471616,study reports mean and se,exact sample size provided,15.05882353,128,8,8,34.03225166,22.73981301,22.73981301,90.95925204,8.039737991,study reports mean and se,exact sample size provided,,,,
,,KM,Subchronic atrazine exposure changes defensive behaviour profile and disrupts brain acetylcholinesterase activity of zebrafish,10.1016/j.ntt.2014.05.006,https://sciencedirect.com/science/article/pii/S0892036214001226,Neurotoxicology and Teratology,schmidel_2014,schmidel_2014_exp_001,schmidel_2014_exp2_009,schmidel_2014_exp_001_assay_005,schmidel_2014_exp2_009_assay2_001,zebrafish,Danio rerio,labratory stock from commercial supplier ,mixed,atrazine,analytical,1912-24-9,in paper,triazine,10,ug/L,14,days,acetone,27,celsius,shoaling,collective behaviour ,total number of interactions,group arrangment ,fig3b,schmidel_2014_fig3b,15.05882353,128,8,8,1432.073713,253.6275665,253.6275665,1014.510266,89.67088608,study reports mean and se,exact sample size provided,15.05882353,128,8,8,1519.795232,148.8683542,148.8683542,595.4734169,52.63291139,study reports mean and se,exact sample size provided,,,,
,,KM,Subchronic atrazine exposure changes defensive behaviour profile and disrupts brain acetylcholinesterase activity of zebrafish,10.1016/j.ntt.2014.05.006,https://sciencedirect.com/science/article/pii/S0892036214001226,Neurotoxicology and Teratology,schmidel_2014,schmidel_2014_exp_002,schmidel_2014_exp2_010,schmidel_2014_exp_002_assay_005,schmidel_2014_exp2_010_assay2_001,zebrafish,Danio rerio,labratory stock from commercial supplier ,mixed,atrazine,analytical,1912-24-9,in paper,triazine,1000,ug/L,14,days,acetone,27,celsius,shoaling,collective behaviour ,total number of interactions,group arrangment ,fig3b,schmidel_2014_fig3b,15.05882353,128,8,8,1432.073713,253.6275665,253.6275665,1014.510266,89.67088608,study reports mean and se,exact sample size provided,15.05882353,128,8,8,1067.542067,358.3867787,358.3867788,1433.547115,126.7088608,study reports mean and se,exact sample size provided,,,,
,,KM,Household based-pyrethroids on adult zebrafish (Danio rerio) exert behavioral and cholinergic changes in different brain regions,10.1016/j.neuro.2023.02.011,https://www.sciencedirect.com/science/article/pii/S0161813X23000323?via%3Dihub,Neurotoxicology,tamagno_2023,tamagno_2023_exp_001,tamagno_2023_exp2_005,tamagno_2023_exp_001_assay_002,tamagno_2023_exp2_005_assay2_001,zebrafish,Danio rerio,laboratory stock from not specified source,not reported ,prallethrin ,commercial  ,23031-36-9,https://commonchemistry.cas.org/detail?cas_rn=23031-36-9&search=prallethrin,pyrethroid,not reported,not reported,7,days,not reported ,28,celsius,shoaling test,collective behaviour ,distance among fish in a shoal ,group arrangment ,fig4,tamagno_2023_fig4,,,,not reported,10.89549911,not reported,,,0.514322917,study reports mean and se but no sample size,no sample size reported,,,,not reported,16.05702015,not reported,,,0.763715278,study reports mean and se but no sample size,no sample size reported,,,,
,,KM,Household based-pyrethroids on adult zebrafish (Danio rerio) exert behavioral and cholinergic changes in different brain regions,10.1016/j.neuro.2023.02.011,https://www.sciencedirect.com/science/article/pii/S0161813X23000323?via%3Dihub,Neurotoxicology,tamagno_2023,tamagno_2023_exp_002,tamagno_2023_exp2_006,tamagno_2023_exp_002_assay_002,tamagno_2023_exp2_006_assay2_001,zebrafish,Danio rerio,laboratory stock from not specified source,not reported ,prallethrin ,commercial  ,23031-36-9,https://commonchemistry.cas.org/detail?cas_rn=23031-36-9&search=prallethrin,pyrethroid,not reported,not reported,7,days,not reported ,28,celsius,shoaling test,collective behaviour ,distance among fish in a shoal ,group arrangment ,fig4,tamagno_2023_fig4,,,,not reported,10.89549911,not reported,,,0.514322917,study reports mean and se but no sample size,no sample size reported,,,,not reported,16.13528195,not reported,,,0.722222222,study reports mean and se but no sample size,no sample size reported,,,,
,,KM,Household based-pyrethroids on adult zebrafish (Danio rerio) exert behavioral and cholinergic changes in different brain regions,10.1016/j.neuro.2023.02.011,https://www.sciencedirect.com/science/article/pii/S0161813X23000323?via%3Dihub,Neurotoxicology,tamagno_2023,tamagno_2023_exp_003,tamagno_2023_exp2_007,tamagno_2023_exp_003_assay_002,tamagno_2023_exp2_007_assay2_001,zebrafish,Danio rerio,laboratory stock from not specified source,not reported ,transfluthrin,commercial  ,118712-89-3,https://commonchemistry.cas.org/detail?cas_rn=118712-89-3&search=transfluthrin,pyrethroid,not reported,not reported,7,days,not reported ,28,celsius,shoaling test,collective behaviour ,distance among fish in a shoal ,group arrangment ,fig4,tamagno_2023_fig4,,,,not reported,10.89549911,not reported,,,0.514322917,study reports mean and se but no sample size,no sample size reported,,,,not reported,15.35414172,not reported,,,0.74375,study reports mean and se but no sample size,no sample size reported,,,,
,,KM,Household based-pyrethroids on adult zebrafish (Danio rerio) exert behavioral and cholinergic changes in different brain regions,10.1016/j.neuro.2023.02.011,https://www.sciencedirect.com/science/article/pii/S0161813X23000323?via%3Dihub,Neurotoxicology,tamagno_2023,tamagno_2023_exp_004,tamagno_2023_exp2_008,tamagno_2023_exp_004_assay_002,tamagno_2023_exp2_008_assay2_001,zebrafish,Danio rerio,laboratory stock from not specified source,not reported ,transfluthrin,commercial  ,118712-89-3,https://commonchemistry.cas.org/detail?cas_rn=118712-89-3&search=transfluthrin,pyrethroid,not reported,not reported,7,days,not reported ,28,celsius,shoaling test,collective behaviour ,distance among fish in a shoal ,group arrangment ,fig4,tamagno_2023_fig4,,,,not reported,10.89549911,not reported,,,0.514322917,study reports mean and se but no sample size,no sample size reported,,,,not reported,16.31483688,not reported,,,0.666666667,study reports mean and se but no sample size,no sample size reported,,,,
,,KM,Effect of thiamethoxam on the behavioral profile alteration and toxicity of adult zebrafish at environmentally relevant concentrations,10.1016/j.scitotenv.2022.159883,"https://www.sciencedirect.com/science/article/pii/S0048969722069832#:~:text=This%20result%20showed%20that%20THM,restlessness%20for%20adult%20male%20zebrafish.",Science of The Total Environment,yang_2023,yang_2023_exp_001,yang_2023_exp2_001,yang_2023_exp_001_assay_001,yang_2023_exp2_001_assay_001,zebrafish ,Danio rerio ,commercial supplier,male ,thiamethoxam,commercial  ,153719-23-4,https://commonchemistry.cas.org/detail?cas_rn=153719-23-4&search=thiamethoxam,neonicotinoid,0.1,ug/L,45,days,none,not reported,not reported,shoaling,collective behaviour ,shoaling average speed,group movement,tables4,yang_2023_tables4,9.6,6,24,24,5.91,0.98,0.49,0.98,0.200041662,study reports mean and sd,exact sample size provided,9.6,6,24,24,5.8,0.98,0.49,0.98,0.200041662,study reports mean and sd,exact sample size provided,,,,
,,KM,Effect of thiamethoxam on the behavioral profile alteration and toxicity of adult zebrafish at environmentally relevant concentrations,10.1016/j.scitotenv.2022.159883,"https://www.sciencedirect.com/science/article/pii/S0048969722069832#:~:text=This%20result%20showed%20that%20THM,restlessness%20for%20adult%20male%20zebrafish.",Science of The Total Environment,yang_2023,yang_2023_exp_002,yang_2023_exp2_002,yang_2023_exp_002_assay_001,yang_2023_exp2_002_assay_001,zebrafish ,Danio rerio ,commercial supplier,male ,thiamethoxam,commercial  ,153719-23-4,https://commonchemistry.cas.org/detail?cas_rn=153719-23-4&search=thiamethoxam,neonicotinoid,10,ug/L,45,days,none,not reported,not reported,shoaling,collective behaviour ,shoaling average speed,group movement,tables4,yang_2023_tables4,9.6,6,24,24,5.91,0.98,0.49,0.98,0.200041662,study reports mean and sd,exact sample size provided,9.6,6,24,24,6.24,0.77,0.385,0.77,0.157175592,study reports mean and sd,exact sample size provided,,,,
,,KM,Effect of thiamethoxam on the behavioral profile alteration and toxicity of adult zebrafish at environmentally relevant concentrations,10.1016/j.scitotenv.2022.159883,"https://www.sciencedirect.com/science/article/pii/S0048969722069832#:~:text=This%20result%20showed%20that%20THM,restlessness%20for%20adult%20male%20zebrafish.",Science of The Total Environment,yang_2023,yang_2023_exp_003,yang_2023_exp2_003,yang_2023_exp_003_assay_001,yang_2023_exp2_003_assay_001,zebrafish ,Danio rerio ,commercial supplier,male ,thiamethoxam,commercial  ,153719-23-4,https://commonchemistry.cas.org/detail?cas_rn=153719-23-4&search=thiamethoxam,neonicotinoid,1000,ug/L,45,days,none,not reported,not reported,shoaling,collective behaviour ,shoaling average speed,group movement,tables4,yang_2023_tables4,9.6,6,24,24,5.91,0.98,0.49,0.98,0.200041662,study reports mean and sd,exact sample size provided,9.6,6,24,24,6.75,0.9,0.45,0.9,0.183711731,study reports mean and sd,exact sample size provided,,,,
sample size is number of fish and does not state number of tanks ,,KM,Effect of thiamethoxam on the behavioral profile alteration and toxicity of adult zebrafish at environmentally relevant concentrations,10.1016/j.scitotenv.2022.159883,"https://www.sciencedirect.com/science/article/pii/S0048969722069832#:~:text=This%20result%20showed%20that%20THM,restlessness%20for%20adult%20male%20zebrafish.",Science of The Total Environment,yang_2023,yang_2023_exp_001,yang_2023_exp2_001,yang_2023_exp_001_assay_002,yang_2023_exp2_001_assay_002,zebrafish ,Danio rerio ,commercial supplier,male ,thiamethoxam,commercial  ,153719-23-4,https://commonchemistry.cas.org/detail?cas_rn=153719-23-4&search=thiamethoxam,neonicotinoid,0.1,ug/L,45,days,none,not reported,not reported,shoaling,collective behaviour ,average fish distance,group arrangment ,tables4,yang_2023_tables4,9.6,6,24,24,6.31,0.81,0.405,0.81,0.165340558,study reports mean and sd,exact sample size provided,9.6,6,24,24,5.67,0.58,0.29,0.58,0.118392004,study reports mean and sd,exact sample size provided,,,,
,,KM,Effect of thiamethoxam on the behavioral profile alteration and toxicity of adult zebrafish at environmentally relevant concentrations,10.1016/j.scitotenv.2022.159883,"https://www.sciencedirect.com/science/article/pii/S0048969722069832#:~:text=This%20result%20showed%20that%20THM,restlessness%20for%20adult%20male%20zebrafish.",Science of The Total Environment,yang_2023,yang_2023_exp_002,yang_2023_exp2_002,yang_2023_exp_002_assay_002,yang_2023_exp2_002_assay_002,zebrafish ,Danio rerio ,commercial supplier,male ,thiamethoxam,commercial  ,153719-23-4,https://commonchemistry.cas.org/detail?cas_rn=153719-23-4&search=thiamethoxam,neonicotinoid,10,ug/L,45,days,none,not reported,not reported,shoaling,collective behaviour ,average fish distance,group arrangment ,tables4,yang_2023_tables4,9.6,6,24,24,6.31,0.81,0.405,0.81,0.165340558,study reports mean and sd,exact sample size provided,9.6,6,24,24,5.87,0.62,0.31,0.62,0.12655697,study reports mean and sd,exact sample size provided,,,,
,,KM,Effect of thiamethoxam on the behavioral profile alteration and toxicity of adult zebrafish at environmentally relevant concentrations,10.1016/j.scitotenv.2022.159883,"https://www.sciencedirect.com/science/article/pii/S0048969722069832#:~:text=This%20result%20showed%20that%20THM,restlessness%20for%20adult%20male%20zebrafish.",Science of The Total Environment,yang_2023,yang_2023_exp_003,yang_2023_exp2_003,yang_2023_exp_003_assay_002,yang_2023_exp2_003_assay_002,zebrafish ,Danio rerio ,commercial supplier,male ,thiamethoxam,commercial  ,153719-23-4,https://commonchemistry.cas.org/detail?cas_rn=153719-23-4&search=thiamethoxam,neonicotinoid,1000,ug/L,45,days,none,not reported,not reported,shoaling,collective behaviour ,average fish distance,group arrangment ,tables4,yang_2023_tables4,9.6,6,24,24,6.31,0.81,0.405,0.81,0.165340558,study reports mean and sd,exact sample size provided,9.6,6,24,24,4.84,1.04,0.52,1.04,0.212289111,study reports mean and sd,exact sample size provided,,,,
,,KM,Effect of thiamethoxam on the behavioral profile alteration and toxicity of adult zebrafish at environmentally relevant concentrations,10.1016/j.scitotenv.2022.159883,"https://www.sciencedirect.com/science/article/pii/S0048969722069832#:~:text=This%20result%20showed%20that%20THM,restlessness%20for%20adult%20male%20zebrafish.",Science of The Total Environment,yang_2023,yang_2023_exp_001,yang_2023_exp2_001,yang_2023_exp_001_assay_003,yang_2023_exp2_001_assay_003,zebrafish ,Danio rerio ,commercial supplier,male ,thiamethoxam,commercial  ,153719-23-4,https://commonchemistry.cas.org/detail?cas_rn=153719-23-4&search=thiamethoxam,neonicotinoid,0.1,ug/L,45,days,none,not reported,not reported,shoaling,collective behaviour ,maximum inter-fish difference,group arrangment ,tables4,yang_2023_tables4,9.6,6,24,24,18.23,0.73,0.365,0.73,0.149010626,study reports mean and sd,exact sample size provided,9.6,6,24,24,17.64,0.72,0.36,0.72,0.146969385,study reports mean and sd,exact sample size provided,,,,
,,KM,Effect of thiamethoxam on the behavioral profile alteration and toxicity of adult zebrafish at environmentally relevant concentrations,10.1016/j.scitotenv.2022.159883,"https://www.sciencedirect.com/science/article/pii/S0048969722069832#:~:text=This%20result%20showed%20that%20THM,restlessness%20for%20adult%20male%20zebrafish.",Science of The Total Environment,yang_2023,yang_2023_exp_002,yang_2023_exp2_002,yang_2023_exp_002_assay_003,yang_2023_exp2_002_assay_003,zebrafish ,Danio rerio ,commercial supplier,male ,thiamethoxam,commercial  ,153719-23-4,https://commonchemistry.cas.org/detail?cas_rn=153719-23-4&search=thiamethoxam,neonicotinoid,10,ug/L,45,days,none,not reported,not reported,shoaling,collective behaviour ,maximum inter-fish difference,group arrangment ,tables4,yang_2023_tables4,9.6,6,24,24,18.23,0.73,0.365,0.73,0.149010626,study reports mean and sd,exact sample size provided,9.6,6,24,24,18.13,0.66,0.33,0.66,0.134721936,study reports mean and sd,exact sample size provided,,,,
,,KM,Effect of thiamethoxam on the behavioral profile alteration and toxicity of adult zebrafish at environmentally relevant concentrations,10.1016/j.scitotenv.2022.159883,"https://www.sciencedirect.com/science/article/pii/S0048969722069832#:~:text=This%20result%20showed%20that%20THM,restlessness%20for%20adult%20male%20zebrafish.",Science of The Total Environment,yang_2023,yang_2023_exp_003,yang_2023_exp2_003,yang_2023_exp_003_assay_003,yang_2023_exp2_003_assay_003,zebrafish ,Danio rerio ,commercial supplier,male ,thiamethoxam,commercial  ,153719-23-4,https://commonchemistry.cas.org/detail?cas_rn=153719-23-4&search=thiamethoxam,neonicotinoid,1000,ug/L,45,days,none,not reported,not reported,shoaling,collective behaviour ,maximum inter-fish difference,group arrangment ,tables4,yang_2023_tables4,9.6,6,24,24,18.23,0.73,0.365,0.73,0.149010626,study reports mean and sd,exact sample size provided,9.6,6,24,24,17.51,1.28,0.64,1.28,0.261278906,study reports mean and sd,exact sample size provided,,,,
does not state number of fish but states 6 shoals from two tanks,,KM,Chronic exposure to environmentally realistic levels of diuron impacts the behaviour of adult marine medaka (Oryzias melastigma),10.1016/j.aquatox.2021.105917,https://www.sciencedirect.com/science/article/pii/S0166445X21001764?via%3Dihub,Aquatic Toxicology,zhou_2021,zhou_2021_exp_001,zhou_2021_exp2_005,zhou_2021_exp_001_assay_003,zhou_2021_exp2_005_assay2_001,marine medaka,Oryzias melastigma,laboratory stock from not specified source,mixed,diuron,analytical,330-54-1,in paper,urea,5,ng/L,122,days,DMSO,28,celsius,shoaling ,collective behaviour ,cluster score,group arrangment ,fig5b,zhou_2021_fig5b,,,,22,2.577805689,1.620161444,,,0.34541958,study reports mean and se,,,,,22,3.095935059,2.342665871,,,0.499458042,study reports mean and se,,,,,
,,KM,Chronic exposure to environmentally realistic levels of diuron impacts the behaviour of adult marine medaka (Oryzias melastigma),10.1016/j.aquatox.2021.105917,https://www.sciencedirect.com/science/article/pii/S0166445X21001764?via%3Dihub,Aquatic Toxicology,zhou_2021,zhou_2021_exp_002,zhou_2021_exp2_006,zhou_2021_exp_002_assay_003,zhou_2021_exp2_006_assay2_001,marine medaka,Oryzias melastigma,laboratory stock from not specified source,mixed,diuron,analytical,330-54-1,in paper,urea,50,ng/L,122,days,DMSO,28,celsius,shoaling ,collective behaviour ,cluster score,group arrangment ,fig5b,zhou_2021_fig5b,,,,22,2.577805689,1.620161444,,,0.34541958,study reports mean and se,,,,,22,2.405095898,0.569245913,,,0.121363636,study reports mean and se,,,,,
,,KM,Chronic exposure to environmentally realistic levels of diuron impacts the behaviour of adult marine medaka (Oryzias melastigma),10.1016/j.aquatox.2021.105917,https://www.sciencedirect.com/science/article/pii/S0166445X21001764?via%3Dihub,Aquatic Toxicology,zhou_2021,zhou_2021_exp_003,zhou_2021_exp2_007,zhou_2021_exp_003_assay_003,zhou_2021_exp2_007_assay2_001,marine medaka,Oryzias melastigma,laboratory stock from not specified source,mixed,diuron,analytical,330-54-1,in paper,urea,500,ng/L,122,days,DMSO,28,celsius,shoaling ,collective behaviour ,cluster score,group arrangment ,fig5b,zhou_2021_fig5b,,,,22,2.577805689,1.620161444,,,0.34541958,study reports mean and se,,,,,22,1.928977017,1.182279972,,,0.252062937,study reports mean and se,,,,,
,,KM,Chronic exposure to environmentally realistic levels of diuron impacts the behaviour of adult marine medaka (Oryzias melastigma),10.1016/j.aquatox.2021.105917,https://www.sciencedirect.com/science/article/pii/S0166445X21001764?via%3Dihub,Aquatic Toxicology,zhou_2021,zhou_2021_exp_004,zhou_2021_exp2_008,zhou_2021_exp_004_assay_003,zhou_2021_exp2_008_assay2_001,marine medaka,Oryzias melastigma,laboratory stock from not specified source,mixed,diuron,analytical,330-54-1,in paper,urea,5000,ng/L,122,days,DMSO,28,celsius,shoaling ,collective behaviour ,cluster score,group arrangment ,fig5b,zhou_2021_fig5b,,,,22,2.577805689,1.620161444,,,0.34541958,study reports mean and se,,,,,22,1.513539954,1.007127384,,,0.21472028,study reports mean and se,,,,,
